Запись пользователя № - user_919,[2019-01-01 14:06:51,,
Запись пользователя № - user_973,[2019-01-01 14:51:16,,
Запись пользователя № - user_903,[2019-01-01 16:31:16,,
Запись пользователя № - user_954,[2019-01-01 17:17:51,,
Запись пользователя № - user_954,[2019-01-01 21:31:18,,
Запись пользователя № - user_917,[2019-01-01 23:34:55,156789,
Запись пользователя № - user_900,[2019-01-01 4:37:25,,
Запись пользователя № - user_980,[2019-01-01 6:31:23,,
Запись пользователя № - user_906,[2019-01-02 10:57:08,,
Запись пользователя № - user_952,[2019-01-02 16:55:06,,
Запись пользователя № - user_972,[2019-01-02 20:47:54,,
Запись пользователя № - user_966,[2019-01-02 21:32:20,,
Запись пользователя № - user_964,[2019-01-02 21:32:35,,
Запись пользователя № - user_978,[2019-01-02 5:25:40,,
Запись пользователя № - user_917,[2019-01-02 8:57:36,145732,1987653
Запись пользователя № - user_968,[2019-01-02 9:32:24,,
Запись пользователя № - user_974,[2019-01-03 10:43:41,,
Запись пользователя № - user_998,[2019-01-03 11:29:08,,
Запись пользователя № - user_990,[2019-01-03 13:12:46,,
Запись пользователя № - user_942,[2019-01-03 14:03:21,98753,
Запись пользователя № - user_929,[2019-01-03 17:20:23,,
Запись пользователя № - user_976,[2019-01-03 18:24:25,,
Запись пользователя № - user_927,[2019-01-03 18:45:54,,
Запись пользователя № - user_998,[2019-01-03 2:48:25,,
Запись пользователя № - user_951,[2019-01-03 5:30:43,,
Запись пользователя № - user_949,[2019-01-03 5:49:42,,
Запись пользователя № - user_976,[2019-01-04 1:59:34,,
Запись пользователя № - user_987,[2019-01-04 11:50:21,,
Запись пользователя № - user_976,[2019-01-04 12:49:31,,
Запись пользователя № - user_942,[2019-01-04 13:59:42,1678321,9876543
Запись пользователя № - user_985,[2019-01-04 15:07:26,,
Запись пользователя № - user_992,[2019-01-04 17:05:30,,
Запись пользователя № - user_929,[2019-01-04 18:21:37,,
Запись пользователя № - user_949,[2019-01-04 19:22:43,,
Запись пользователя № - user_937,[2019-01-04 2:59:24,,
Запись пользователя № - user_954,[2019-01-04 21:52:08,,
Запись пользователя № - user_913,[2019-01-04 23:16:33,,
Запись пользователя № - user_948,[2019-01-04 4:00:52,,
Запись пользователя № - user_954,[2019-01-04 5:40:14,,
Запись пользователя № - user_916,[2019-01-05 1:54:07,,
Запись пользователя № - user_942,[2019-01-05 10:44:56,,
Запись пользователя № - user_954,[2019-01-05 13:13:21,,
Запись пользователя № - user_985,[2019-01-05 14:36:15,,
Запись пользователя № - user_938,[2019-01-05 18:09:15,,
Запись пользователя № - user_997,[2019-01-05 20:55:29,,
Запись пользователя № - user_940,[2019-01-05 3:50:10,,
Запись пользователя № - user_918,[2019-01-05 3:56:22,,
Запись пользователя № - user_960,[2019-01-05 4:36:52,,
Запись пользователя № - user_905,[2019-01-05 5:11:21,,
Запись пользователя № - user_924,[2019-01-05 6:06:11,,
Запись пользователя № - user_958,[2019-01-05 7:33:05,,
Запись пользователя № - user_918,[2019-01-06 18:19:59,,
Запись пользователя № - user_952,[2019-01-06 18:45:28,,
Запись пользователя № - user_920,[2019-01-06 20:33:50,,
Запись пользователя № - user_943,[2019-01-06 21:06:57,,
Запись пользователя № - user_903,[2019-01-06 3:21:56,,
Запись пользователя № - user_935,[2019-01-06 8:10:06,,
Запись пользователя № - user_954,[2019-01-06 9:33:18,,
Запись пользователя № - user_915,[2019-01-07 0:23:47,,
Запись пользователя № - user_921,[2019-01-07 1:05:59,,
Запись пользователя № - user_999,[2019-01-07 10:07:52,,
Запись пользователя № - user_982,[2019-01-07 13:24:18,,
Запись пользователя № - user_916,[2019-01-07 14:57:44,,
Запись пользователя № - user_928,[2019-01-07 15:38:24,,
Запись пользователя № - user_918,[2019-01-07 18:18:38,,
Запись пользователя № - user_944,[2019-01-07 19:45:03,,
Запись пользователя № - user_966,[2019-01-07 2:59:32,,
Запись пользователя № - user_987,[2019-01-07 21:46:13,5000,
Запись пользователя № - user_912,[2019-01-07 5:50:28,,
Запись пользователя № - user_969,[2019-01-07 7:04:23,,
Запись пользователя № - user_901,[2019-01-07 8:45:59,,
Запись пользователя № - user_995,[2019-01-07 9:56:20,,
Запись пользователя № - user_982,[2019-01-08 0:41:58,,
Запись пользователя № - user_974,[2019-01-08 1:03:26,,
Запись пользователя № - user_933,[2019-01-08 1:22:31,,
Запись пользователя № - user_986,[2019-01-08 10:14:31,,
Запись пользователя № - user_971,[2019-01-08 11:38:06,,
Запись пользователя № - user_977,[2019-01-08 13:06:25,,
Запись пользователя № - user_974,[2019-01-08 14:43:12,,
Запись пользователя № - user_978,[2019-01-08 2:22:29,,
Запись пользователя № - user_979,[2019-01-08 20:05:23,,
Запись пользователя № - user_910,[2019-01-08 21:14:57,123981,
Запись пользователя № - user_958,[2019-01-08 21:21:14,,
Запись пользователя № - user_994,[2019-01-08 3:37:48,,
Запись пользователя № - user_964,[2019-01-08 6:56:25,,
Запись пользователя № - user_907,[2019-01-08 6:58:19,,
Запись пользователя № - user_935,[2019-01-09 10:10:50,,
Запись пользователя № - user_915,[2019-01-09 17:43:11,,
Запись пользователя № - user_941,[2019-01-09 17:50:56,,
Запись пользователя № - user_905,[2019-01-09 17:53:01,,
Запись пользователя № - user_989,[2019-01-09 20:18:14,,
Запись пользователя № - user_900,[2019-01-09 3:05:07,,
Запись пользователя № - user_964,[2019-01-09 3:05:33,100,
Запись пользователя № - user_954,[2019-01-10 0:41:05,,
Запись пользователя № - user_955,[2019-01-10 1:44:39,,
Запись пользователя № - user_943,[2019-01-10 12:16:22,100,
Запись пользователя № - user_971,[2019-01-10 15:17:48,,
Запись пользователя № - user_978,[2019-01-10 18:36:02,,
Запись пользователя № - user_990,[2019-01-10 2:17:43,,
Запись пользователя № - user_991,[2019-01-10 3:55:38,,
Запись пользователя № - user_906,[2019-01-10 6:34:42,,
Запись пользователя № - user_996,[2019-01-10 7:32:17,100,
Запись пользователя № - user_926,[2019-01-11 13:07:41,,
Запись пользователя № - user_984,[2019-01-11 13:43:37,,
Запись пользователя № - user_916,[2019-01-11 15:01:53,,
Запись пользователя № - user_957,[2019-01-11 20:06:17,,
Запись пользователя № - user_994,[2019-01-11 6:27:50,,
Запись пользователя № - user_914,[2019-01-11 6:33:57,,
Запись пользователя № - user_955,[2019-01-11 7:48:01,,
Запись пользователя № - user_989,[2019-01-11 8:31:04,,
Запись пользователя № - user_920,[2019-01-11 8:52:01,,
Запись пользователя № - user_990,[2019-01-12 0:24:04,,
Запись пользователя № - user_988,[2019-01-12 0:41:00,,
Запись пользователя № - user_949,[2019-01-12 11:35:22,,
Запись пользователя № - user_966,[2019-01-12 13:25:30,,
Запись пользователя № - user_955,[2019-01-12 14:29:19,,
Запись пользователя № - user_923,[2019-01-12 15:30:11,,
Запись пользователя № - user_967,[2019-01-12 18:48:09,,
Запись пользователя № - user_915,[2019-01-12 22:04:43,,
Запись пользователя № - user_945,[2019-01-12 22:14:13,,
Запись пользователя № - user_993,[2019-01-12 22:23:14,,
Запись пользователя № - user_924,[2019-01-12 4:50:34,,
Запись пользователя № - user_908,[2019-01-12 8:55:52,,
Запись пользователя № - user_966,[2019-01-13 0:45:59,,
Запись пользователя № - user_930,[2019-01-13 13:51:26,,
Запись пользователя № - user_981,[2019-01-13 14:43:36,,
Запись пользователя № - user_976,[2019-01-13 18:06:57,,
Запись пользователя № - user_986,[2019-01-13 22:39:26,,
Запись пользователя № - user_966,[2019-01-13 4:21:02,,
Запись пользователя № - user_927,[2019-01-13 5:03:30,,
Запись пользователя № - user_993,[2019-01-14 1:14:30,,
Запись пользователя № - user_990,[2019-01-14 10:38:33,,
Запись пользователя № - user_908,[2019-01-14 11:31:43,,
Запись пользователя № - user_954,[2019-01-14 12:56:34,,
Запись пользователя № - user_952,[2019-01-14 13:14:58,,
Запись пользователя № - user_936,[2019-01-14 20:00:42,,
Запись пользователя № - user_935,[2019-01-14 4:49:23,,
Запись пользователя № - user_907,[2019-01-15 1:16:06,,
Запись пользователя № - user_917,[2019-01-15 1:50:50,,
Запись пользователя № - user_949,[2019-01-15 15:43:02,,
Запись пользователя № - user_922,[2019-01-15 16:40:58,100,
Запись пользователя № - user_973,[2019-01-15 17:04:00,,
Запись пользователя № - user_962,[2019-01-15 18:13:14,,
Запись пользователя № - user_942,[2019-01-15 2:01:38,,
Запись пользователя № - user_985,[2019-01-15 20:34:36,,
Запись пользователя № - user_995,[2019-01-15 22:44:59,,
Запись пользователя № - user_929,[2019-01-15 7:56:32,,
Запись пользователя № - user_940,[2019-01-16 1:00:44,,
Запись пользователя № - user_913,[2019-01-16 14:29:37,,
Запись пользователя № - user_985,[2019-01-16 14:51:36,,
Запись пользователя № - user_944,[2019-01-16 19:58:56,,
Запись пользователя № - user_982,[2019-01-16 21:54:22,100,4749
Запись пользователя № - user_933,[2019-01-16 4:08:49,,
Запись пользователя № - user_936,[2019-01-16 5:51:25,,
Запись пользователя № - user_977,[2019-01-16 6:04:59,,
Запись пользователя № - user_910,[2019-01-17 1:45:02,,
Запись пользователя № - user_908,[2019-01-17 16:10:18,,
Запись пользователя № - user_965,[2019-01-17 16:46:52,,
Запись пользователя № - user_986,[2019-01-17 2:39:35,,
Запись пользователя № - user_990,[2019-01-17 3:30:38,,
Запись пользователя № - user_933,[2019-01-17 9:10:37,,
Запись пользователя № - user_903,[2019-01-17 9:58:09,,
Запись пользователя № - user_959,[2019-01-18 14:44:47,,
Запись пользователя № - user_935,[2019-01-18 15:20:12,,
Запись пользователя № - user_917,[2019-01-18 21:36:48,,
Запись пользователя № - user_972,[2019-01-18 21:57:07,,
Запись пользователя № - user_907,[2019-01-18 23:10:15,,
Запись пользователя № - user_922,[2019-01-18 3:18:35,,
Запись пользователя № - user_906,[2019-01-18 9:50:48,,
Запись пользователя № - user_910,[2019-01-19 15:33:22,,
Запись пользователя № - user_905,[2019-01-19 17:50:09,,
Запись пользователя № - user_949,[2019-01-19 18:58:50,,
Запись пользователя № - user_941,[2019-01-19 19:57:19,,
Запись пользователя № - user_908,[2019-01-19 2:12:47,,
Запись пользователя № - user_976,[2019-01-19 2:29:51,,
Запись пользователя № - user_908,[2019-01-19 7:21:13,700,
Запись пользователя № - user_987,[2019-01-19 9:17:35,7650,
Запись пользователя № - user_941,[2019-01-20 0:17:00,,
Запись пользователя № - user_963,[2019-01-20 1:16:09,,
Запись пользователя № - user_904,[2019-01-20 13:51:48,,
Запись пользователя № - user_927,[2019-01-20 13:57:39,,
Запись пользователя № - user_960,[2019-01-20 19:20:49,,
Запись пользователя № - user_972,[2019-01-20 20:12:03,100,
Запись пользователя № - user_931,[2019-01-20 3:06:35,,
Запись пользователя № - user_945,[2019-01-20 7:07:43,,
Запись пользователя № - user_992,[2019-01-20 9:43:39,,
Запись пользователя № - user_971,[2019-01-21 0:25:16,,
Запись пользователя № - user_973,[2019-01-21 0:29:43,,
Запись пользователя № - user_959,[2019-01-21 10:51:52,,
Запись пользователя № - user_964,[2019-01-21 18:34:44,200,4667
Запись пользователя № - user_914,[2019-01-21 19:03:25,,
Запись пользователя № - user_1000,[2019-01-21 19:31:34,,
Запись пользователя № - user_986,[2019-01-21 21:15:46,,
Запись пользователя № - user_962,[2019-01-21 23:31:36,,
Запись пользователя № - user_986,[2019-01-21 4:53:07,,
Запись пользователя № - user_966,[2019-01-21 5:07:36,,
Запись пользователя № - user_946,[2019-01-21 5:35:47,,
Запись пользователя № - user_980,[2019-01-21 8:10:48,,
Запись пользователя № - user_970,[2019-01-21 8:12:58,,
Запись пользователя № - user_939,[2019-01-21 8:49:20,,
Запись пользователя № - user_931,[2019-01-22 16:09:06,400,
Запись пользователя № - user_931,[2019-01-22 2:45:39,,
Запись пользователя № - user_969,[2019-01-22 3:32:22,100,
Запись пользователя № - user_961,[2019-01-22 4:05:55,,
Запись пользователя № - user_958,[2019-01-22 4:51:27,,
Запись пользователя № - user_931,[2019-01-22 5:26:59,300,4319
Запись пользователя № - user_998,[2019-01-22 7:15:00,,
Запись пользователя № - user_981,[2019-01-22 7:58:34,,
Запись пользователя № - user_971,[2019-01-22 9:31:52,,
Запись пользователя № - user_911,[2019-01-23 16:58:18,,
Запись пользователя № - user_924,[2019-01-23 18:20:59,,
Запись пользователя № - user_989,[2019-01-23 18:47:21,,
Запись пользователя № - user_961,[2019-01-23 2:43:22,100,
Запись пользователя № - user_964,[2019-01-23 21:04:30,300,
Запись пользователя № - user_905,[2019-01-23 3:40:49,8700,27068
Запись пользователя № - user_950,[2019-01-23 5:49:28,,
Запись пользователя № - user_952,[2019-01-24 12:57:32,200,
Запись пользователя № - user_979,[2019-01-24 15:28:13,,
Запись пользователя № - user_980,[2019-01-24 21:12:22,,
Запись пользователя № - user_990,[2019-01-24 23:16:50,,
Запись пользователя № - user_942,[2019-01-24 5:03:17,,
Запись пользователя № - user_956,[2019-01-24 7:45:40,,
Запись пользователя № - user_900,[2019-01-24 8:40:53,,
Запись пользователя № - user_913,[2019-01-24 9:48:17,100,
Запись пользователя № - user_977,[2019-01-25 1:32:17,,
Запись пользователя № - user_939,[2019-01-25 11:19:28,,
Запись пользователя № - user_900,[2019-01-25 12:45:46,,
Запись пользователя № - user_988,[2019-01-25 15:38:34,,
Запись пользователя № - user_951,[2019-01-25 17:02:53,100,
Запись пользователя № - user_995,[2019-01-25 17:35:05,,
Запись пользователя № - user_907,[2019-01-25 2:42:00,9954,29565
Запись пользователя № - user_904,[2019-01-25 3:13:57,,
Запись пользователя № - user_998,[2019-01-25 8:57:20,500,5069
Запись пользователя № - user_973,[2019-01-26 0:23:22,,
Запись пользователя № - user_916,[2019-01-26 1:14:55,,
Запись пользователя № - user_922,[2019-01-26 10:41:06,,
Запись пользователя № - user_985,[2019-01-26 11:16:27,,
Запись пользователя № - user_950,[2019-01-26 11:54:29,,
Запись пользователя № - user_985,[2019-01-26 13:30:56,,
Запись пользователя № - user_968,[2019-01-26 16:02:16,,
Запись пользователя № - user_918,[2019-01-26 19:56:31,,
Запись пользователя № - user_922,[2019-01-26 20:28:23,,
Запись пользователя № - user_906,[2019-01-26 6:21:10,,
Запись пользователя № - user_930,[2019-01-26 6:21:38,100,
Запись пользователя № - user_985,[2019-01-26 6:54:11,,
Запись пользователя № - user_909,[2019-01-26 8:38:34,,
Запись пользователя № - user_943,[2019-01-27 1:18:47,100,
Запись пользователя № - user_960,[2019-01-27 1:54:59,,
Запись пользователя № - user_935,[2019-01-27 18:14:22,,
Запись пользователя № - user_935,[2019-01-27 2:32:21,,
Запись пользователя № - user_984,[2019-01-27 20:54:28,,
Запись пользователя № - user_971,[2019-01-27 3:23:22,,
Запись пользователя № - user_905,[2019-01-27 5:39:56,950,
Запись пользователя № - user_958,[2019-01-27 9:57:23,,
Запись пользователя № - user_989,[2019-01-28 0:35:40,,
Запись пользователя № - user_983,[2019-01-28 11:14:56,,
Запись пользователя № - user_962,[2019-01-28 11:27:42,,
Запись пользователя № - user_949,[2019-01-28 16:49:12,,
Запись пользователя № - user_904,[2019-01-28 17:05:59,,
Запись пользователя № - user_945,[2019-01-28 17:37:11,,
Запись пользователя № - user_1000,[2019-01-28 20:57:37,800,
Запись пользователя № - user_973,[2019-01-28 22:46:50,,
Запись пользователя № - user_902,[2019-01-28 3:12:06,,
Запись пользователя № - user_947,[2019-01-29 1:34:05,,
Запись пользователя № - user_923,[2019-01-29 10:08:23,,
Запись пользователя № - user_998,[2019-01-29 10:37:55,500,6294
Запись пользователя № - user_938,[2019-01-29 10:47:06,,
Запись пользователя № - user_926,[2019-01-29 12:50:05,,
Запись пользователя № - user_973,[2019-01-29 16:12:03,,
Запись пользователя № - user_937,[2019-01-29 18:31:27,,
Запись пользователя № - user_990,[2019-01-29 19:54:38,,
Запись пользователя № - user_989,[2019-01-29 2:33:38,,
Запись пользователя № - user_902,[2019-01-29 2:59:37,,
Запись пользователя № - user_986,[2019-01-29 4:33:47,,
Запись пользователя № - user_949,[2019-01-29 5:48:05,100,
Запись пользователя № - user_973,[2019-01-29 8:29:54,,
Запись пользователя № - user_919,[2019-01-30 10:06:00,,
Запись пользователя № - user_997,[2019-01-30 12:50:45,,
Запись пользователя № - user_989,[2019-01-30 12:58:07,,
Запись пользователя № - user_958,[2019-01-30 9:18:01,,
Запись пользователя № - user_948,[2019-01-31 10:21:33,,
Запись пользователя № - user_980,[2019-01-31 13:31:52,,
Запись пользователя № - user_983,[2019-01-31 14:46:03,,
Запись пользователя № - user_948,[2019-01-31 16:56:24,,
Запись пользователя № - user_927,[2019-01-31 2:25:43,100,
Запись пользователя № - user_986,[2019-01-31 22:50:11,,
Запись пользователя № - user_906,[2019-01-31 3:07:14,,
Запись пользователя № - user_927,[2019-01-31 3:21:57,,
Запись пользователя № - user_975,[2019-01-31 4:57:32,,
Запись пользователя № - user_905,[2019-01-31 6:29:53,12945,
Запись пользователя № - user_945,[2019-01-31 7:16:14,500,
Запись пользователя № - user_953,[2019-01-31 9:15:44,,
Запись пользователя № - user_978,[2019-02-01 15:13:13,,
Запись пользователя № - user_998,[2019-02-01 15:17:22,500,
Запись пользователя № - user_931,[2019-02-02 12:34:44,700,6516
Запись пользователя № - user_999,[2019-02-02 15:28:36,,
Запись пользователя № - user_903,[2019-02-02 17:17:43,,
Запись пользователя № - user_906,[2019-02-02 18:53:20,,
Запись пользователя № - user_913,[2019-02-02 22:15:10,,
Запись пользователя № - user_976,[2019-02-02 6:01:13,,
Запись пользователя № - user_916,[2019-02-02 6:15:01,,
Запись пользователя № - user_939,[2019-02-02 9:09:54,,
Запись пользователя № - user_958,[2019-02-03 12:39:58,,
Запись пользователя № - user_971,[2019-02-03 14:27:44,,
Запись пользователя № - user_939,[2019-02-03 16:03:23,,
Запись пользователя № - user_988,[2019-02-03 2:24:23,,
Запись пользователя № - user_986,[2019-02-03 2:52:28,,
Запись пользователя № - user_918,[2019-02-03 22:14:22,,
Запись пользователя № - user_952,[2019-02-03 4:15:12,300,
Запись пользователя № - user_966,[2019-02-04 0:28:07,,
Запись пользователя № - user_900,[2019-02-04 11:51:46,,
Запись пользователя № - user_910,[2019-02-04 13:58:06,,
Запись пользователя № - user_935,[2019-02-04 15:03:23,,
Запись пользователя № - user_936,[2019-02-04 6:23:34,,
Запись пользователя № - user_900,[2019-02-05 10:41:57,,
Запись пользователя № - user_924,[2019-02-05 13:00:43,,
Запись пользователя № - user_969,[2019-02-05 13:39:37,,
Запись пользователя № - user_921,[2019-02-05 14:08:57,,
Запись пользователя № - user_919,[2019-02-05 14:33:44,,
Запись пользователя № - user_916,[2019-02-05 16:33:46,,
Запись пользователя № - user_913,[2019-02-05 17:09:37,,
Запись пользователя № - user_925,[2019-02-05 17:33:39,,
Запись пользователя № - user_959,[2019-02-05 18:14:18,,
Запись пользователя № - user_972,[2019-02-05 19:40:52,,
Запись пользователя № - user_901,[2019-02-05 21:16:53,,
Запись пользователя № - user_971,[2019-02-05 21:48:02,,
Запись пользователя № - user_972,[2019-02-05 23:21:07,,
Запись пользователя № - user_947,[2019-02-05 23:40:17,,
Запись пользователя № - user_955,[2019-02-05 8:34:25,100,
Запись пользователя № - user_934,[2019-02-06 0:18:15,,
Запись пользователя № - user_935,[2019-02-06 1:47:41,300,
Запись пользователя № - user_990,[2019-02-06 10:33:49,,
Запись пользователя № - user_984,[2019-02-06 13:49:28,,
Запись пользователя № - user_949,[2019-02-06 15:06:37,300,
Запись пользователя № - user_920,[2019-02-06 18:13:08,,
Запись пользователя № - user_967,[2019-02-06 22:54:50,,
Запись пользователя № - user_992,[2019-02-06 3:40:40,,
Запись пользователя № - user_959,[2019-02-06 5:49:12,,
Запись пользователя № - user_982,[2019-02-06 5:55:23,,
Запись пользователя № - user_926,[2019-02-07 0:02:52,,
Запись пользователя № - user_925,[2019-02-07 1:39:16,,
Запись пользователя № - user_904,[2019-02-07 13:28:06,,
Запись пользователя № - user_922,[2019-02-07 17:27:13,200,
Запись пользователя № - user_971,[2019-02-07 20:53:58,500,
Запись пользователя № - user_941,[2019-02-07 22:36:18,,
Запись пользователя № - user_934,[2019-02-07 3:18:17,,
Запись пользователя № - user_970,[2019-02-08 0:48:07,,
Запись пользователя № - user_985,[2019-02-08 10:27:06,,
Запись пользователя № - user_900,[2019-02-08 10:36:47,200,5290
Запись пользователя № - user_903,[2019-02-08 11:06:00,500,
Запись пользователя № - user_997,[2019-02-08 13:27:54,,
Запись пользователя № - user_987,[2019-02-08 13:42:30,9876,
Запись пользователя № - user_976,[2019-02-08 20:39:06,,
Запись пользователя № - user_951,[2019-02-08 23:53:00,,
Запись пользователя № - user_991,[2019-02-08 5:19:06,,
Запись пользователя № - user_964,[2019-02-08 8:42:28,400,
Запись пользователя № - user_933,[2019-02-09 10:31:04,,
Запись пользователя № - user_936,[2019-02-09 13:24:46,,
Запись пользователя № - user_953,[2019-02-09 19:17:07,,
Запись пользователя № - user_984,[2019-02-09 2:13:55,,
Запись пользователя № - user_921,[2019-02-09 23:20:21,400,6067
Запись пользователя № - user_974,[2019-02-09 23:47:43,,
Запись пользователя № - user_931,[2019-02-09 3:03:39,700,
Запись пользователя № - user_934,[2019-02-09 4:04:18,,
Запись пользователя № - user_901,[2019-02-09 4:25:35,,
Запись пользователя № - user_963,[2019-02-09 6:20:03,,
Запись пользователя № - user_972,[2019-02-10 10:20:58,,
Запись пользователя № - user_943,[2019-02-10 11:09:24,100,5456
Запись пользователя № - user_999,[2019-02-10 12:30:22,,
Запись пользователя № - user_979,[2019-02-10 15:21:52,,
Запись пользователя № - user_949,[2019-02-10 15:29:22,500,
Запись пользователя № - user_928,[2019-02-10 16:01:45,,
Запись пользователя № - user_994,[2019-02-10 17:29:12,,
Запись пользователя № - user_921,[2019-02-10 17:53:37,900,
Запись пользователя № - user_965,[2019-02-10 19:10:29,,
Запись пользователя № - user_965,[2019-02-10 19:12:33,,
Запись пользователя № - user_903,[2019-02-10 20:23:10,700,6726
Запись пользователя № - user_956,[2019-02-10 21:31:10,,
Запись пользователя № - user_917,[2019-02-10 23:13:48,,
Запись пользователя № - user_990,[2019-02-10 5:24:36,,
Запись пользователя № - user_1000,[2019-02-10 5:33:25,,
Запись пользователя № - user_940,[2019-02-10 8:40:42,,
Запись пользователя № - user_903,[2019-02-11 17:05:25,900,
Запись пользователя № - user_960,[2019-02-11 18:20:26,,
Запись пользователя № - user_972,[2019-02-11 18:48:39,300,5035
Запись пользователя № - user_987,[2019-02-11 2:35:29,,
Запись пользователя № - user_902,[2019-02-11 23:58:24,,
Запись пользователя № - user_901,[2019-02-11 3:20:04,,
Запись пользователя № - user_983,[2019-02-11 3:30:08,,
Запись пользователя № - user_989,[2019-02-11 7:18:37,,
Запись пользователя № - user_980,[2019-02-12 11:02:10,,
Запись пользователя № - user_930,[2019-02-12 12:02:03,300,
Запись пользователя № - user_934,[2019-02-12 13:14:29,,
Запись пользователя № - user_943,[2019-02-12 15:09:38,300,5245
Запись пользователя № - user_968,[2019-02-12 16:54:00,,
Запись пользователя № - user_969,[2019-02-12 2:33:27,,
Запись пользователя № - user_933,[2019-02-12 4:02:45,,
Запись пользователя № - user_915,[2019-02-12 5:16:35,,
Запись пользователя № - user_997,[2019-02-12 6:19:29,,
Запись пользователя № - user_981,[2019-02-13 1:19:34,,
Запись пользователя № - user_918,[2019-02-13 10:04:39,300,
Запись пользователя № - user_975,[2019-02-13 11:06:21,,
Запись пользователя № - user_925,[2019-02-13 12:43:02,,
Запись пользователя № - user_917,[2019-02-13 13:51:30,,
Запись пользователя № - user_962,[2019-02-13 15:07:38,,
Запись пользователя № - user_925,[2019-02-13 15:22:49,,
Запись пользователя № - user_951,[2019-02-13 19:58:10,500,
Запись пользователя № - user_966,[2019-02-13 20:05:00,,
Запись пользователя № - user_992,[2019-02-13 21:42:31,,
Запись пользователя № - user_912,[2019-02-13 21:51:31,,
Запись пользователя № - user_949,[2019-02-13 22:37:59,600,
Запись пользователя № - user_955,[2019-02-13 3:34:33,,
Запись пользователя № - user_933,[2019-02-13 5:19:24,,
Запись пользователя № - user_924,[2019-02-13 6:50:18,100,
Запись пользователя № - user_914,[2019-02-13 7:42:18,,
Запись пользователя № - user_978,[2019-02-13 8:16:07,,
Запись пользователя № - user_946,[2019-02-13 8:30:41,100,
Запись пользователя № - user_961,[2019-02-13 9:54:00,300,
Запись пользователя № - user_984,[2019-02-14 0:18:27,,
Запись пользователя № - user_927,[2019-02-14 11:12:30,,
Запись пользователя № - user_919,[2019-02-14 11:38:05,,
Запись пользователя № - user_928,[2019-02-14 14:54:22,,
Запись пользователя № - user_995,[2019-02-14 18:41:36,,
Запись пользователя № - user_909,[2019-02-14 4:43:12,,
Запись пользователя № - user_976,[2019-02-14 5:12:56,,
Запись пользователя № - user_924,[2019-02-14 5:58:10,300,
Запись пользователя № - user_914,[2019-02-14 6:52:36,,
Запись пользователя № - user_943,[2019-02-14 8:46:12,700,
Запись пользователя № - user_973,[2019-02-15 0:14:11,,
Запись пользователя № - user_956,[2019-02-15 1:24:54,,
Запись пользователя № - user_927,[2019-02-15 16:50:42,,
Запись пользователя № - user_973,[2019-02-15 20:10:37,100,
Запись пользователя № - user_956,[2019-02-15 21:07:07,100,
Запись пользователя № - user_949,[2019-02-15 21:39:21,800,
Запись пользователя № - user_944,[2019-02-15 22:17:01,,
Запись пользователя № - user_968,[2019-02-15 6:02:40,,
Запись пользователя № - user_942,[2019-02-15 8:27:35,,
Запись пользователя № - user_987,[2019-02-16 0:15:38,12548,
Запись пользователя № - user_998,[2019-02-16 15:53:57,600,
Запись пользователя № - user_950,[2019-02-16 17:20:51,,
Запись пользователя № - user_935,[2019-02-16 4:09:41,500,
Запись пользователя № - user_950,[2019-02-16 6:02:10,,
Запись пользователя № - user_969,[2019-02-16 6:32:08,,
Запись пользователя № - user_981,[2019-02-16 7:19:21,,
Запись пользователя № - user_958,[2019-02-16 9:24:48,,
Запись пользователя № - user_934,[2019-02-17 10:12:52,,
Запись пользователя № - user_985,[2019-02-17 10:30:34,100,
Запись пользователя № - user_928,[2019-02-17 14:48:14,,
Запись пользователя № - user_984,[2019-02-17 16:44:12,,
Запись пользователя № - user_955,[2019-02-17 16:52:33,,
Запись пользователя № - user_1000,[2019-02-17 2:34:32,,
Запись пользователя № - user_908,[2019-02-17 20:40:57,,
Запись пользователя № - user_954,[2019-02-17 22:59:24,100,
Запись пользователя № - user_972,[2019-02-17 23:23:44,400,
Запись пользователя № - user_910,[2019-02-17 5:44:39,,
Запись пользователя № - user_966,[2019-02-18 2:54:38,,
Запись пользователя № - user_980,[2019-02-18 21:10:32,,
Запись пользователя № - user_934,[2019-02-18 4:59:38,,
Запись пользователя № - user_937,[2019-02-18 5:24:30,100,
Запись пользователя № - user_930,[2019-02-18 8:13:59,400,
Запись пользователя № - user_941,[2019-02-19 10:03:51,300,
Запись пользователя № - user_924,[2019-02-19 17:10:32,300,5266
Запись пользователя № - user_975,[2019-02-19 19:50:07,,
Запись пользователя № - user_938,[2019-02-19 3:53:00,,
Запись пользователя № - user_959,[2019-02-19 4:15:34,,
Запись пользователя № - user_900,[2019-02-20 10:41:42,200,
Запись пользователя № - user_964,[2019-02-20 11:51:03,400,
Запись пользователя № - user_917,[2019-02-20 12:26:16,,
Запись пользователя № - user_990,[2019-02-20 14:28:07,,
Запись пользователя № - user_979,[2019-02-20 15:03:15,100,3691
Запись пользователя № - user_901,[2019-02-20 18:03:08,,
Запись пользователя № - user_959,[2019-02-20 20:32:30,700,
Запись пользователя № - user_916,[2019-02-21 0:19:55,,
Запись пользователя № - user_923,[2019-02-21 10:18:03,,
Запись пользователя № - user_1000,[2019-02-21 12:01:29,,
Запись пользователя № - user_911,[2019-02-21 17:37:25,,
Запись пользователя № - user_906,[2019-02-21 18:29:28,,
Запись пользователя № - user_960,[2019-02-21 21:27:45,,
Запись пользователя № - user_972,[2019-02-21 6:06:12,400,
Запись пользователя № - user_987,[2019-02-22 10:37:56,,
Запись пользователя № - user_999,[2019-02-22 10:47:12,,
Запись пользователя № - user_960,[2019-02-22 17:02:20,400,
Запись пользователя № - user_943,[2019-02-22 20:09:40,800,
Запись пользователя № - user_926,[2019-02-22 20:10:10,,
Запись пользователя № - user_951,[2019-02-22 20:36:03,600,
Запись пользователя № - user_953,[2019-02-22 20:55:03,,
Запись пользователя № - user_987,[2019-02-22 21:56:03,300,
Запись пользователя № - user_970,[2019-02-22 8:22:38,400,
Запись пользователя № - user_963,[2019-02-23 0:54:33,,
Запись пользователя № - user_939,[2019-02-23 12:49:05,,
Запись пользователя № - user_956,[2019-02-23 16:47:08,,
Запись пользователя № - user_931,[2019-02-23 21:15:21,900,
Запись пользователя № - user_905,[2019-02-23 23:12:07,27000,
Запись пользователя № - user_993,[2019-02-23 3:51:41,,
Запись пользователя № - user_945,[2019-02-23 4:05:15,700,
Запись пользователя № - user_956,[2019-02-23 6:38:48,,
Запись пользователя № - user_984,[2019-02-23 8:14:35,,
Запись пользователя № - user_999,[2019-02-23 8:45:49,,
Запись пользователя № - user_937,[2019-02-23 9:22:24,,
Запись пользователя № - user_989,[2019-02-24 1:09:18,,
Запись пользователя № - user_912,[2019-02-24 11:42:42,,
Запись пользователя № - user_966,[2019-02-24 12:09:42,200,
Запись пользователя № - user_933,[2019-02-24 14:14:26,,
Запись пользователя № - user_914,[2019-02-24 14:30:43,,
Запись пользователя № - user_932,[2019-02-24 22:40:06,,
Запись пользователя № - user_946,[2019-02-24 7:31:17,,
Запись пользователя № - user_922,[2019-02-24 8:29:11,300,
Запись пользователя № - user_958,[2019-02-24 9:55:42,400,
Запись пользователя № - user_925,[2019-02-25 1:46:02,,
Запись пользователя № - user_918,[2019-02-25 1:50:30,400,4829
Запись пользователя № - user_967,[2019-02-25 15:51:07,,
Запись пользователя № - user_944,[2019-02-25 19:53:44,,
Запись пользователя № - user_949,[2019-02-25 22:27:32,10054,
Запись пользователя № - user_974,[2019-02-25 3:04:34,200,
Запись пользователя № - user_911,[2019-02-25 7:30:53,,
Запись пользователя № - user_955,[2019-02-25 8:05:26,,
Запись пользователя № - user_966,[2019-02-25 9:40:40,200,
Запись пользователя № - user_913,[2019-02-26 0:55:59,100,5066
Запись пользователя № - user_952,[2019-02-26 1:34:10,600,
Запись пользователя № - user_902,[2019-02-26 11:43:28,,
Запись пользователя № - user_986,[2019-02-26 11:45:12,,
Запись пользователя № - user_938,[2019-02-26 14:40:32,,
Запись пользователя № - user_947,[2019-02-26 15:01:40,100,4378
Запись пользователя № - user_972,[2019-02-26 15:15:48,500,4894
Запись пользователя № - user_995,[2019-02-26 15:29:25,200,
Запись пользователя № - user_961,[2019-02-26 16:56:46,300,
Запись пользователя № - user_964,[2019-02-26 17:02:53,500,4889
Запись пользователя № - user_942,[2019-02-26 22:10:18,600,
Запись пользователя № - user_966,[2019-02-26 3:43:44,200,
Запись пользователя № - user_920,[2019-02-26 4:00:10,,
Запись пользователя № - user_950,[2019-02-26 8:45:08,,
Запись пользователя № - user_948,[2019-02-27 1:19:56,,
Запись пользователя № - user_967,[2019-02-27 10:32:10,,
Запись пользователя № - user_973,[2019-02-27 18:36:39,200,
Запись пользователя № - user_967,[2019-02-27 18:53:04,,
Запись пользователя № - user_937,[2019-02-27 20:00:24,,
Запись пользователя № - user_937,[2019-02-27 20:20:13,,
Запись пользователя № - user_904,[2019-02-27 23:04:17,,
Запись пользователя № - user_946,[2019-02-27 3:02:56,,
Запись пользователя № - user_982,[2019-02-27 7:30:33,,
Запись пользователя № - user_948,[2019-02-28 11:56:52,,
Запись пользователя № - user_901,[2019-02-28 12:34:43,,
Запись пользователя № - user_964,[2019-02-28 14:36:06,800,
Запись пользователя № - user_935,[2019-02-28 17:04:44,700,
Запись пользователя № - user_911,[2019-02-28 20:15:13,,
Запись пользователя № - user_909,[2019-02-28 23:16:35,200,5237
Запись пользователя № - user_948,[2019-02-28 23:17:46,,
Запись пользователя № - user_982,[2019-02-28 4:20:30,500,
Запись пользователя № - user_911,[2019-02-28 5:26:49,,
Запись пользователя № - user_952,[2019-02-28 6:06:55,800,5590
Запись пользователя № - user_983,[2019-02-28 8:31:31,,
Запись пользователя № - user_910,[2019-03-01 1:35:11,,
Запись пользователя № - user_986,[2019-03-01 12:09:15,200,
Запись пользователя № - user_991,[2019-03-01 15:14:33,,
Запись пользователя № - user_982,[2019-03-01 18:35:47,800,
Запись пользователя № - user_964,[2019-03-01 23:08:48,8734,
Запись пользователя № - user_912,[2019-03-01 23:48:07,,
Запись пользователя № - user_995,[2019-03-01 23:48:11,400,5889
Запись пользователя № - user_928,[2019-03-01 9:43:00,,
Запись пользователя № - user_907,[2019-03-02 10:31:19,,
Запись пользователя № - user_1000,[2019-03-02 17:17:13,,
Запись пользователя № - user_928,[2019-03-02 17:20:45,400,
Запись пользователя № - user_900,[2019-03-02 22:05:45,300,
Запись пользователя № - user_919,[2019-03-02 4:23:36,300,
Запись пользователя № - user_923,[2019-03-02 6:25:22,,
Запись пользователя № - user_960,[2019-03-02 6:43:52,400,
Запись пользователя № - user_922,[2019-03-02 9:40:27,300,
Запись пользователя № - user_906,[2019-03-03 1:09:37,100,
Запись пользователя № - user_975,[2019-03-03 1:24:56,100,3927
Запись пользователя № - user_996,[2019-03-03 11:43:38,,
Запись пользователя № - user_923,[2019-03-03 11:59:27,200,
Запись пользователя № - user_1000,[2019-03-03 12:34:16,,
Запись пользователя № - user_955,[2019-03-03 13:57:08,,
Запись пользователя № - user_992,[2019-03-03 2:40:14,,
Запись пользователя № - user_938,[2019-03-03 2:40:29,100,5323
Запись пользователя № - user_991,[2019-03-03 7:49:52,,
Запись пользователя № - user_983,[2019-03-03 9:31:59,,
Запись пользователя № - user_914,[2019-03-04 0:19:39,,
Запись пользователя № - user_957,[2019-03-04 0:56:54,,
Запись пользователя № - user_920,[2019-03-04 21:03:54,,
Запись пользователя № - user_983,[2019-03-04 21:03:54,,
Запись пользователя № - user_971,[2019-03-04 23:12:39,900,6916
Запись пользователя № - user_925,[2019-03-04 23:27:36,,
Запись пользователя № - user_923,[2019-03-04 3:11:44,500,
Запись пользователя № - user_982,[2019-03-04 7:36:28,800,6480
Запись пользователя № - user_900,[2019-03-05 0:18:34,300,5638
Запись пользователя № - user_912,[2019-03-05 1:50:21,100,
Запись пользователя № - user_997,[2019-03-05 11:05:39,200,
Запись пользователя № - user_911,[2019-03-05 14:49:24,,
Запись пользователя № - user_911,[2019-03-05 16:53:23,,
Запись пользователя № - user_908,[2019-03-05 19:40:25,300,
Запись пользователя № - user_944,[2019-03-05 21:49:31,100,4119
Запись пользователя № - user_934,[2019-03-05 23:16:53,,
Запись пользователя № - user_944,[2019-03-05 4:29:48,,
Запись пользователя № - user_969,[2019-03-05 4:47:28,,
Запись пользователя № - user_908,[2019-03-05 8:01:59,200,4216
Запись пользователя № - user_961,[2019-03-05 9:23:59,500,6387
Запись пользователя № - user_979,[2019-03-06 1:36:08,300,
Запись пользователя № - user_960,[2019-03-06 10:02:35,400,
Запись пользователя № - user_952,[2019-03-06 11:53:22,1000,
Запись пользователя № - user_962,[2019-03-06 14:27:01,,
Запись пользователя № - user_992,[2019-03-06 16:04:28,100,3834
Запись пользователя № - user_943,[2019-03-06 20:36:00,800,5409
Запись пользователя № - user_972,[2019-03-06 23:30:41,700,
Запись пользователя № - user_971,[2019-03-06 4:28:51,1000,
Запись пользователя № - user_908,[2019-03-06 5:05:35,400,
Запись пользователя № - user_972,[2019-03-06 7:11:52,500,4580
Запись пользователя № - user_994,[2019-03-07 1:47:34,300,
Запись пользователя № - user_983,[2019-03-07 12:20:43,,
Запись пользователя № - user_912,[2019-03-07 18:31:40,300,
Запись пользователя № - user_970,[2019-03-07 23:03:35,500,
Запись пользователя № - user_976,[2019-03-08 1:37:54,100,
Запись пользователя № - user_966,[2019-03-08 11:14:59,500,
Запись пользователя № - user_952,[2019-03-08 13:42:20,9754,
Запись пользователя № - user_973,[2019-03-08 17:47:38,400,
Запись пользователя № - user_966,[2019-03-08 20:53:20,700,
Запись пользователя № - user_946,[2019-03-08 5:18:13,,
Запись пользователя № - user_918,[2019-03-08 6:15:48,500,4845
Запись пользователя № - user_951,[2019-03-08 6:21:50,600,
Запись пользователя № - user_995,[2019-03-08 6:27:39,500,
Запись пользователя № - user_946,[2019-03-08 7:00:34,100,3794
Запись пользователя № - user_983,[2019-03-08 8:22:21,,
Запись пользователя № - user_941,[2019-03-09 12:21:13,700,6766
Запись пользователя № - user_996,[2019-03-09 12:51:58,,
Запись пользователя № - user_902,[2019-03-09 16:52:11,200,4021
Запись пользователя № - user_985,[2019-03-09 18:37:48,300,
Запись пользователя № - user_984,[2019-03-09 18:41:21,,
Запись пользователя № - user_942,[2019-03-09 19:57:04,800,
Запись пользователя № - user_922,[2019-03-09 21:06:50,400,
Запись пользователя № - user_938,[2019-03-09 22:23:02,700,6449
Запись пользователя № - user_938,[2019-03-09 5:04:19,200,
Запись пользователя № - user_959,[2019-03-09 8:18:05,900,
Запись пользователя № - user_951,[2019-03-09 9:52:57,900,
Запись пользователя № - user_996,[2019-03-10 10:57:52,100,4056
Запись пользователя № - user_975,[2019-03-10 12:06:28,700,
Запись пользователя № - user_937,[2019-03-10 15:38:13,200,
Запись пользователя № - user_934,[2019-03-10 16:10:41,,
Запись пользователя № - user_908,[2019-03-10 16:25:13,,
Запись пользователя № - user_962,[2019-03-10 17:53:30,,
Запись пользователя № - user_978,[2019-03-10 17:56:50,,
Запись пользователя № - user_933,[2019-03-10 18:01:39,100,
Запись пользователя № - user_974,[2019-03-10 23:54:50,400,5326
Запись пользователя № - user_937,[2019-03-10 5:48:45,100,
Запись пользователя № - user_981,[2019-03-10 8:09:49,,
Запись пользователя № - user_995,[2019-03-11 1:12:58,800,
Запись пользователя № - user_994,[2019-03-11 1:29:29,600,
Запись пользователя № - user_977,[2019-03-11 10:26:28,,
Запись пользователя № - user_906,[2019-03-11 17:53:18,400,
Запись пользователя № - user_935,[2019-03-11 19:36:51,700,
Запись пользователя № - user_903,[2019-03-11 3:32:31,1000,
Запись пользователя № - user_947,[2019-03-11 6:10:35,200,
Запись пользователя № - user_960,[2019-03-11 7:56:35,500,
Запись пользователя № - user_939,[2019-03-12 16:02:38,200,
Запись пользователя № - user_934,[2019-03-12 22:00:30,,
Запись пользователя № - user_992,[2019-03-12 3:05:02,200,4159
Запись пользователя № - user_917,[2019-03-12 4:43:16,,
Запись пользователя № - user_993,[2019-03-13 11:52:07,,
Запись пользователя № - user_982,[2019-03-13 13:31:35,900,
Запись пользователя № - user_970,[2019-03-13 16:56:54,700,
Запись пользователя № - user_963,[2019-03-13 22:45:42,,
Запись пользователя № - user_981,[2019-03-13 9:06:19,,
Запись пользователя № - user_918,[2019-03-14 1:37:10,600,
Запись пользователя № - user_931,[2019-03-14 1:44:39,900,6621
Запись пользователя № - user_961,[2019-03-14 1:51:33,600,
Запись пользователя № - user_902,[2019-03-14 12:54:57,300,
Запись пользователя № - user_988,[2019-03-14 13:35:04,,
Запись пользователя № - user_901,[2019-03-14 13:51:20,100,
Запись пользователя № - user_907,[2019-03-14 3:00:44,100,4999
Запись пользователя № - user_946,[2019-03-14 5:30:46,500,
Запись пользователя № - user_932,[2019-03-15 10:56:14,,
Запись пользователя № - user_910,[2019-03-15 16:00:23,,
Запись пользователя № - user_956,[2019-03-15 18:06:17,,
Запись пользователя № - user_927,[2019-03-15 20:33:25,200,5724
Запись пользователя № - user_911,[2019-03-15 21:48:20,100,
Запись пользователя № - user_999,[2019-03-15 22:50:47,100,
Запись пользователя № - user_961,[2019-03-15 5:13:06,700,
Запись пользователя № - user_988,[2019-03-15 7:15:25,,
Запись пользователя № - user_903,[2019-03-16 10:44:35,10454,
Запись пользователя № - user_987,[2019-03-16 11:50:00,300,
Запись пользователя № - user_954,[2019-03-16 13:21:35,400,
Запись пользователя № - user_980,[2019-03-16 13:23:16,500,
Запись пользователя № - user_970,[2019-03-16 13:39:16,9754,
Запись пользователя № - user_992,[2019-03-16 16:04:41,500,
Запись пользователя № - user_973,[2019-03-16 17:01:22,400,5950
Запись пользователя № - user_981,[2019-03-16 22:43:57,500,
Запись пользователя № - user_961,[2019-03-17 10:02:01,800,5520
Запись пользователя № - user_993,[2019-03-17 14:00:23,300,5629
Запись пользователя № - user_974,[2019-03-17 14:18:59,500,5650
Запись пользователя № - user_916,[2019-03-17 17:20:07,,
Запись пользователя № - user_935,[2019-03-17 19:31:29,800,
Запись пользователя № - user_941,[2019-03-17 2:03:13,800,
Запись пользователя № - user_933,[2019-03-17 2:23:18,300,
Запись пользователя № - user_958,[2019-03-17 20:47:39,500,
Запись пользователя № - user_925,[2019-03-17 8:46:12,200,
Запись пользователя № - user_911,[2019-03-17 9:36:53,400,5084
Запись пользователя № - user_969,[2019-03-18 1:50:34,200,
Запись пользователя № - user_932,[2019-03-18 10:13:24,,
Запись пользователя № - user_967,[2019-03-18 13:19:55,,
Запись пользователя № - user_910,[2019-03-18 14:36:52,100,
Запись пользователя № - user_927,[2019-03-18 19:37:29,200,
Запись пользователя № - user_942,[2019-03-18 4:21:14,800,
Запись пользователя № - user_908,[2019-03-19 0:25:45,800,5260
Запись пользователя № - user_983,[2019-03-19 2:19:00,,
Запись пользователя № - user_929,[2019-03-19 23:38:48,,
Запись пользователя № - user_963,[2019-03-19 23:44:53,100,
Запись пользователя № - user_910,[2019-03-19 3:01:21,300,
Запись пользователя № - user_937,[2019-03-19 3:49:50,300,
Запись пользователя № - user_909,[2019-03-19 5:49:22,400,6108
Запись пользователя № - user_900,[2019-03-19 6:42:22,400,
Запись пользователя № - user_947,[2019-03-19 8:06:57,200,3736
Запись пользователя № - user_917,[2019-03-20 1:03:45,500,
Запись пользователя № - user_902,[2019-03-20 12:22:06,400,
Запись пользователя № - user_930,[2019-03-20 14:04:43,600,
Запись пользователя № - user_982,[2019-03-20 15:01:50,9954,
Запись пользователя № - user_951,[2019-03-20 17:17:17,9754,
Запись пользователя № - user_905,[2019-03-20 18:56:58,500,
Запись пользователя № - user_911,[2019-03-20 19:53:21,500,
Запись пользователя № - user_972,[2019-03-20 2:43:48,900,7032
Запись пользователя № - user_991,[2019-03-20 20:07:58,,
Запись пользователя № - user_928,[2019-03-20 22:08:11,600,
Запись пользователя № - user_955,[2019-03-20 23:55:10,500,
Запись пользователя № - user_918,[2019-03-20 3:40:16,600,
Запись пользователя № - user_953,[2019-03-20 8:48:22,,
Запись пользователя № - user_953,[2019-03-21 0:33:37,400,
Запись пользователя № - user_914,[2019-03-21 1:24:09,200,
Запись пользователя № - user_931,[2019-03-21 1:28:20,900,
Запись пользователя № - user_930,[2019-03-21 11:52:36,700,
Запись пользователя № - user_929,[2019-03-21 12:54:43,,
Запись пользователя № - user_905,[2019-03-21 17:35:31,500,
Запись пользователя № - user_930,[2019-03-21 18:53:28,900,7494
Запись пользователя № - user_938,[2019-03-21 4:38:31,900,6080
Запись пользователя № - user_973,[2019-03-21 6:17:31,1000,
Запись пользователя № - user_909,[2019-03-21 7:22:31,1000,7189
Запись пользователя № - user_912,[2019-03-22 1:21:35,600,
Запись пользователя № - user_990,[2019-03-22 17:37:24,700,
Запись пользователя № - user_944,[2019-03-22 19:02:28,500,5217
Запись пользователя № - user_939,[2019-03-22 2:32:21,400,
Запись пользователя № - user_999,[2019-03-22 2:34:01,700,
Запись пользователя № - user_983,[2019-03-22 3:27:39,,
Запись пользователя № - user_999,[2019-03-22 4:14:12,800,
Запись пользователя № - user_955,[2019-03-22 7:57:08,600,
Запись пользователя № - user_954,[2019-03-23 10:05:07,800,
Запись пользователя № - user_979,[2019-03-23 14:28:04,900,
Запись пользователя № - user_965,[2019-03-23 16:27:03,,
Запись пользователя № - user_930,[2019-03-23 17:48:11,1000,
Запись пользователя № - user_934,[2019-03-23 23:38:27,,
Запись пользователя № - user_1000,[2019-03-23 23:47:07,,
Запись пользователя № - user_908,[2019-03-23 3:18:55,10054,
Запись пользователя № - user_987,[2019-03-23 4:24:59,300,
Запись пользователя № - user_914,[2019-03-23 6:14:18,600,
Запись пользователя № - user_926,[2019-03-24 0:57:08,300,4733
Запись пользователя № - user_940,[2019-03-24 11:02:31,,
Запись пользователя № - user_966,[2019-03-24 15:29:06,900,6359
Запись пользователя № - user_946,[2019-03-24 2:52:39,500,4812
Запись пользователя № - user_940,[2019-03-24 22:17:31,500,
Запись пользователя № - user_972,[2019-03-24 22:38:56,1000,5920
Запись пользователя № - user_990,[2019-03-25 0:21:03,900,
Запись пользователя № - user_976,[2019-03-25 0:27:33,300,
Запись пользователя № - user_973,[2019-03-25 21:47:43,9754,
Запись пользователя № - user_929,[2019-03-25 21:57:48,200,4824
Запись пользователя № - user_927,[2019-03-25 23:09:25,200,
Запись пользователя № - user_913,[2019-03-25 4:34:52,500,4633
Запись пользователя № - user_966,[2019-03-25 6:45:43,10254,
Запись пользователя № - user_982,[2019-03-25 8:50:07,10154,
Запись пользователя № - user_937,[2019-03-25 9:07:15,500,
Запись пользователя № - user_977,[2019-03-25 9:48:33,,
Запись пользователя № - user_937,[2019-03-25 9:58:13,600,
Запись пользователя № - user_938,[2019-03-26 10:41:36,900,
Запись пользователя № - user_988,[2019-03-26 21:08:06,200,5512
Запись пользователя № - user_991,[2019-03-26 23:59:35,,
Запись пользователя № - user_929,[2019-03-26 5:16:44,500,5503
Запись пользователя № - user_963,[2019-03-26 6:53:51,200,
Запись пользователя № - user_948,[2019-03-26 7:54:46,300,
Запись пользователя № - user_977,[2019-03-26 8:29:07,,
Запись пользователя № - user_992,[2019-03-27 10:25:17,600,
Запись пользователя № - user_918,[2019-03-27 10:36:28,1000,7250
Запись пользователя № - user_998,[2019-03-27 10:46:22,900,
Запись пользователя № - user_905,[2019-03-27 11:11:06,800,5387
Запись пользователя № - user_932,[2019-03-27 12:18:24,,
Запись пользователя № - user_928,[2019-03-27 13:26:11,900,
Запись пользователя № - user_908,[2019-03-27 14:20:24,10254,
Запись пользователя № - user_913,[2019-03-27 14:31:30,700,
Запись пользователя № - user_961,[2019-03-27 19:56:51,1000,
Запись пользователя № - user_980,[2019-03-27 2:25:52,800,
Запись пользователя № - user_977,[2019-03-27 22:47:37,,
Запись пользователя № - user_1000,[2019-03-27 3:39:36,100,
Запись пользователя № - user_922,[2019-03-27 9:36:20,600,6309
Запись пользователя № - user_965,[2019-03-28 17:18:58,100,4770
Запись пользователя № - user_978,[2019-03-28 18:27:32,600,
Запись пользователя № - user_937,[2019-03-28 2:22:04,700,
Запись пользователя № - user_985,[2019-03-28 20:54:43,400,
Запись пользователя № - user_968,[2019-03-28 22:02:21,200,4744
Запись пользователя № - user_983,[2019-03-28 6:34:25,,
Запись пользователя № - user_946,[2019-03-28 8:18:39,700,
Запись пользователя № - user_924,[2019-03-29 19:45:19,800,5763
Запись пользователя № - user_968,[2019-03-29 2:57:15,300,
Запись пользователя № - user_953,[2019-03-29 22:05:53,600,
Запись пользователя № - user_915,[2019-03-29 4:05:01,800,6996
Запись пользователя № - user_969,[2019-03-29 7:32:52,800,
Запись пользователя № - user_942,[2019-03-29 7:40:02,1000,7384
Запись пользователя № - user_919,[2019-03-30 10:17:51,400,5737
Запись пользователя № - user_964,[2019-03-30 15:55:49,10554,31016
Запись пользователя № - user_929,[2019-03-30 4:58:30,800,
Запись пользователя № - user_983,[2019-03-30 5:10:27,,
Запись пользователя № - user_930,[2019-03-30 8:09:51,9854,
Запись пользователя № - user_954,[2019-03-30 9:28:45,1000,
Запись пользователя № - user_936,[2019-03-31 1:40:24,,
Запись пользователя № - user_947,[2019-03-31 12:42:41,300,
Запись пользователя № - user_947,[2019-03-31 12:50:33,400,5616
Запись пользователя № - user_998,[2019-03-31 17:07:48,900,
Запись пользователя № - user_983,[2019-03-31 20:15:02,100,
Запись пользователя № - user_941,[2019-03-31 22:28:00,9754,
Запись пользователя № - user_917,[2019-03-31 6:25:54,600,6439
Запись пользователя № - user_977,[2019-03-31 6:36:50,200,
Запись пользователя № - user_943,[2019-03-31 9:13:09,1000,6575
Запись пользователя № - user_955,[2019-04-01 1:45:32,10754,
Запись пользователя № - user_912,[2019-04-01 14:46:08,600,5357
Запись пользователя № - user_937,[2019-04-01 18:12:10,700,
Запись пользователя № - user_966,[2019-04-01 19:58:46,10254,29981
Запись пользователя № - user_936,[2019-04-01 22:06:18,100,
Запись пользователя № - user_977,[2019-04-01 22:51:03,500,
Запись пользователя № - user_900,[2019-04-01 3:30:24,600,
Запись пользователя № - user_986,[2019-04-01 3:47:12,900,
Запись пользователя № - user_911,[2019-04-01 8:21:02,700,
Запись пользователя № - user_948,[2019-04-01 9:58:29,800,
Запись пользователя № - user_985,[2019-04-02 0:12:57,400,
Запись пользователя № - user_958,[2019-04-02 0:32:54,1000,
Запись пользователя № - user_902,[2019-04-02 14:14:40,800,
Запись пользователя № - user_968,[2019-04-02 14:37:31,500,
Запись пользователя № - user_942,[2019-04-02 17:58:14,1000,7564
Запись пользователя № - user_987,[2019-04-02 3:20:16,400,4733
Запись пользователя № - user_906,[2019-04-02 4:18:59,600,5515
Запись пользователя № - user_949,[2019-04-02 8:42:40,10154,29719
Запись пользователя № - user_951,[2019-04-03 0:01:03,10154,29324
Запись пользователя № - user_914,[2019-04-03 11:09:07,700,
Запись пользователя № - user_905,[2019-04-03 12:07:57,1000,
Запись пользователя № - user_956,[2019-04-03 13:50:39,,
Запись пользователя № - user_998,[2019-04-03 15:02:50,1000,
Запись пользователя № - user_993,[2019-04-03 19:05:18,600,
Запись пользователя № - user_919,[2019-04-03 2:09:44,600,
Запись пользователя № - user_968,[2019-04-03 2:38:57,800,
Запись пользователя № - user_927,[2019-04-03 20:38:16,300,4550
Запись пользователя № - user_994,[2019-04-03 22:37:59,800,
Запись пользователя № - user_971,[2019-04-03 22:58:30,10454,
Запись пользователя № - user_927,[2019-04-03 23:16:32,500,
Запись пользователя № - user_970,[2019-04-03 23:40:40,10054,
Запись пользователя № - user_995,[2019-04-03 3:22:52,1000,
Запись пользователя № - user_992,[2019-04-03 3:44:13,9954,30056
Запись пользователя № - user_948,[2019-04-03 5:03:07,10554,
Запись пользователя № - user_967,[2019-04-03 7:30:13,,
Запись пользователя № - user_931,[2019-04-04 12:05:38,10454,
Запись пользователя № - user_953,[2019-04-04 13:08:47,800,6394
Запись пользователя № - user_989,[2019-04-04 15:36:33,,
Запись пользователя № - user_927,[2019-04-04 18:24:46,800,
Запись пользователя № - user_918,[2019-04-04 2:29:56,1000,
Запись пользователя № - user_951,[2019-04-04 5:00:06,10254,
Запись пользователя № - user_939,[2019-04-05 1:33:57,500,5036
Запись пользователя № - user_1000,[2019-04-05 14:45:54,400,4701
Запись пользователя № - user_984,[2019-04-05 2:36:59,200,
Запись пользователя № - user_905,[2019-04-05 6:36:20,1000,
Запись пользователя № - user_1000,[2019-04-05 6:48:33,300,
Запись пользователя № - user_907,[2019-04-06 0:58:25,600,
Запись пользователя № - user_979,[2019-04-06 1:20:36,10654,
Запись пользователя № - user_906,[2019-04-06 12:58:57,900,
Запись пользователя № - user_920,[2019-04-06 15:02:36,,
Запись пользователя № - user_1000,[2019-04-06 22:07:35,,
Запись пользователя № - user_998,[2019-04-06 6:08:40,10654,30386
Запись пользователя № - user_952,[2019-04-06 8:34:37,9754,
Запись пользователя № - user_981,[2019-04-06 9:26:47,600,
Запись пользователя № - user_923,[2019-04-07 15:44:49,500,6431
Запись пользователя № - user_923,[2019-04-07 22:40:53,800,6313
Запись пользователя № - user_913,[2019-04-07 4:27:47,700,
Запись пользователя № - user_967,[2019-04-07 7:12:55,,
Запись пользователя № - user_978,[2019-04-08 0:36:28,1000,
Запись пользователя № - user_980,[2019-04-08 0:45:31,900,
Запись пользователя № - user_967,[2019-04-08 1:25:56,,
Запись пользователя № - user_962,[2019-04-08 13:12:51,,
Запись пользователя № - user_920,[2019-04-08 13:41:49,700,
Запись пользователя № - user_914,[2019-04-08 17:36:31,800,
Запись пользователя № - user_916,[2019-04-08 18:37:09,200,
Запись пользователя № - user_901,[2019-04-08 22:56:43,500,
Запись пользователя № - user_965,[2019-04-08 3:05:10,300,
Запись пользователя № - user_933,[2019-04-08 3:24:25,600,
Запись пользователя № - user_940,[2019-04-08 3:38:20,700,
Запись пользователя № - user_983,[2019-04-08 4:44:14,400,5450
Запись пользователя № - user_936,[2019-04-08 5:28:48,300,
Запись пользователя № - user_972,[2019-04-08 9:41:17,1000,
Запись пользователя № - user_962,[2019-04-09 13:45:42,200,
Запись пользователя № - user_963,[2019-04-09 5:01:07,500,
Запись пользователя № - user_991,[2019-04-09 5:36:02,100,
Запись пользователя № - user_986,[2019-04-09 8:48:19,1000,7078
Запись пользователя № - user_922,[2019-04-10 11:57:47,700,
Запись пользователя № - user_984,[2019-04-10 12:12:13,200,
Запись пользователя № - user_984,[2019-04-10 14:15:31,500,5133
Запись пользователя № - user_989,[2019-04-10 14:41:47,400,
Запись пользователя № - user_950,[2019-04-10 14:45:35,500,
Запись пользователя № - user_994,[2019-04-10 18:25:21,800,
Запись пользователя № - user_988,[2019-04-10 22:12:42,10554,
Запись пользователя № - user_996,[2019-04-10 4:42:20,800,
Запись пользователя № - user_972,[2019-04-11 17:43:27,10154,30071
Запись пользователя № - user_942,[2019-04-11 19:11:00,10254,30588
Запись пользователя № - user_910,[2019-04-11 21:48:00,600,
Запись пользователя № - user_984,[2019-04-11 3:33:14,900,
Запись пользователя № - user_947,[2019-04-11 5:19:18,700,
Запись пользователя № - user_949,[2019-04-11 6:43:44,10554,
Запись пользователя № - user_920,[2019-04-12 12:28:28,1000,
Запись пользователя № - user_910,[2019-04-12 12:56:55,600,
Запись пользователя № - user_939,[2019-04-12 13:35:25,500,5305
Запись пользователя № - user_986,[2019-04-12 15:29:43,10254,
Запись пользователя № - user_997,[2019-04-12 16:57:08,1000,
Запись пользователя № - user_947,[2019-04-12 18:39:39,1000,6610
Запись пользователя № - user_957,[2019-04-12 20:10:00,200,5398
Запись пользователя № - user_927,[2019-04-12 23:59:02,800,
Запись пользователя № - user_985,[2019-04-12 4:49:10,700,
Запись пользователя № - user_920,[2019-04-12 5:11:56,800,
Запись пользователя № - user_934,[2019-04-12 6:47:38,300,
Запись пользователя № - user_924,[2019-04-12 8:44:27,9754,
Запись пользователя № - user_994,[2019-04-12 8:55:16,900,
Запись пользователя № - user_990,[2019-04-13 19:48:33,1000,7382
Запись пользователя № - user_957,[2019-04-13 3:06:11,500,6134
Запись пользователя № - user_981,[2019-04-13 3:06:23,900,
Запись пользователя № - user_950,[2019-04-13 6:25:18,600,5340
Запись пользователя № - user_933,[2019-04-13 8:25:37,600,
Запись пользователя № - user_956,[2019-04-14 10:53:09,,
Запись пользователя № - user_962,[2019-04-14 10:53:56,800,
Запись пользователя № - user_986,[2019-04-14 14:07:30,10554,
Запись пользователя № - user_937,[2019-04-14 15:39:26,800,
Запись пользователя № - user_950,[2019-04-14 19:47:32,1000,5778
Запись пользователя № - user_914,[2019-04-14 23:16:46,10154,29346
Запись пользователя № - user_947,[2019-04-14 23:35:44,1000,
Запись пользователя № - user_910,[2019-04-14 7:26:31,1000,
Запись пользователя № - user_974,[2019-04-15 23:12:16,700,6173
Запись пользователя № - user_934,[2019-04-15 3:26:43,10554,
Запись пользователя № - user_910,[2019-04-15 5:02:26,1000,
Запись пользователя № - user_962,[2019-04-15 6:24:16,10354,
Запись пользователя № - user_911,[2019-04-15 6:59:01,9754,
Запись пользователя № - user_944,[2019-04-15 9:19:57,700,5453
Запись пользователя № - user_947,[2019-04-15 9:28:04,10654,
Запись пользователя № - user_919,[2019-04-16 0:53:16,700,
Запись пользователя № - user_966,[2019-04-16 12:14:58,10654,
Запись пользователя № - user_956,[2019-04-16 12:29:04,400,4650
Запись пользователя № - user_957,[2019-04-16 13:44:51,700,6171
Запись пользователя № - user_963,[2019-04-16 17:47:31,500,
Запись пользователя № - user_930,[2019-04-16 19:27:28,10554,30381
Запись пользователя № - user_936,[2019-04-16 20:27:23,400,
Запись пользователя № - user_916,[2019-04-16 21:21:08,800,
Запись пользователя № - user_928,[2019-04-16 9:36:01,10754,31188
Запись пользователя № - user_900,[2019-04-17 0:46:08,900,6802
Запись пользователя № - user_960,[2019-04-17 1:26:39,900,6363
Запись пользователя № - user_917,[2019-04-17 22:08:07,600,6382
Запись пользователя № - user_989,[2019-04-17 4:28:32,600,
Запись пользователя № - user_971,[2019-04-17 4:31:47,10654,31485
Запись пользователя № - user_937,[2019-04-18 10:17:45,800,6570
Запись пользователя № - user_932,[2019-04-18 14:55:26,700,6640
Запись пользователя № - user_985,[2019-04-18 16:31:38,10154,29839
Запись пользователя № - user_967,[2019-04-18 19:43:51,200,5213
Запись пользователя № - user_910,[2019-04-18 2:34:52,104540,
Запись пользователя № - user_981,[2019-04-18 22:41:27,1000,
Запись пользователя № - user_995,[2019-04-18 4:33:31,9954,
Запись пользователя № - user_929,[2019-04-18 7:35:02,1000,
Запись пользователя № - user_938,[2019-04-18 8:06:43,9954,
Запись пользователя № - user_950,[2019-04-18 8:14:24,1000,6072
Запись пользователя № - user_976,[2019-04-19 14:18:45,400,5997
Запись пользователя № - user_983,[2019-04-19 16:03:17,400,
Запись пользователя № - user_926,[2019-04-19 17:29:36,600,
Запись пользователя № - user_900,[2019-04-19 19:31:48,900,6767
Запись пользователя № - user_940,[2019-04-19 20:34:13,10754,32279
Запись пользователя № - user_975,[2019-04-19 22:25:15,1000,6108
Запись пользователя № - user_912,[2019-04-19 5:29:34,700,
Запись пользователя № - user_963,[2019-04-19 8:58:07,800,
Запись пользователя № - user_991,[2019-04-20 1:18:20,700,
Запись пользователя № - user_912,[2019-04-20 10:35:49,10554,31799
Запись пользователя № - user_926,[2019-04-20 10:35:50,10354,30244
Запись пользователя № - user_904,[2019-04-20 10:35:51,600,
Запись пользователя № - user_987,[2019-04-20 10:35:52,9754,
Запись пользователя № - user_913,[2019-04-20 10:35:53,10754,
Запись пользователя № - user_970,[2019-04-20 10:35:54,10354,30691
#error,,,
#error,,10554,
#error,,,
#error,,10454,30117
#error,,800,7035
#error,,900,
#error,,500,
Запись пользователя № - user_925,[2019-04-20 12:55:00,1000,
#error,,900,
#error,,10454,29972
#error,,10554,31634
#error,,1000,
Запись пользователя № - user_953,[2019-04-20 12:55:39,9954,
Запись пользователя № - user_954,[2019-04-20 12:55:40,9854,
Запись пользователя № - user_965,[2019-04-20 12:55:41,800,6927
Запись пользователя № - user_967,[2019-04-20 14:59:36,10154,
Запись пользователя № - user_973,[2019-04-20 17:09:56,10254,
Запись пользователя № - user_977,[2019-04-20 18:10:07,10354,
Запись пользователя № - user_984,[2019-04-20 9:59:58,9754,
#error,,10054,29265
#error,,10454,
#error,,1000,
#error,,10754,