id,page,url,district,live_rooms,title,price,address,text_preview,owner,stats_city,ad_date,paid_hot,paid_up,paid_fast,paid_urgent,paid_turbo,highlighted,pars_date,flat.building,flat.floor,live.square,flat.renovation,flat.toilet,flat.balcony,flat.balcony_g,map.complex,flat.door,inet.type,live.furniture,flat.flooring,ceiling,flat.security,has_change,flat.phone,flat.parking,flat.priv_dorm,options_text,text
50909168,1,https://krisha.kz/a/show/50909168,almaty-zhetysuskij,4,"4-–∫–æ–º–Ω–∞—Ç–Ω–∞—è –∫–≤–∞—Ä—Ç–∏—Ä–∞, 83.7 –º¬≤, 5/5 —ç—Ç–∞–∂",32000000,"–ñ–µ—Ç—ã—Å—É—Å–∫–∏–π —Ä-–Ω, –º–∫—Ä –ê–π–Ω–∞–±—É–ª–∞–∫-4 183","–í –∑–∞–ª–æ–≥–µ, –ø–∞–Ω–µ–ª—å–Ω—ã–π –¥–æ–º, 1988 –≥.–ø., —Å–æ—Å—Ç–æ—è–Ω–∏–µ: –µ–≤—Ä–æ—Ä–µ–º–æ–Ω—Ç, –∂–∏–ª. –ø–ª–æ—â–∞–¥—å 52.5 –∫–≤.–º., –∫—É—Ö–Ω—è 10.2 –∫–≤.–º., —Å–∞–Ω—É–∑–µ–ª —Ä–∞–∑–¥–µ–ª—å–Ω—ã–π, —Ç–µ–ª–µ—Ñ–æ–Ω: –æ—Ç–¥–µ–ª—å–Ω—ã–π, –∏–Ω—Ç–µ—Ä–Ω–µ—Ç ADSL, —á–∞—Å—Ç–∏—á–Ω–æ –º–µ–±–ª–∏—Ä–æ–≤–∞–Ω–∞, –°—Ä–æ—á–Ω–æ –ø—Ä–æ–¥–∞–µ—Ç—Å—è –æ—Ç–ª–∏—á–Ω–∞—è –∫–≤–∞—Ä—Ç–∏—Ä–∞ –≤ —Ö–æ—Ä–æ—à–µ–º —Ä–∞–π–æ–Ω–µ. –í—Å—ë, —á—Ç–æ –Ω—É–∂–Ω–æ –¥–ª—è –∫–æ–º—Ñ–æ—Ä—Ç–Ω–æ–≥–æ –ø—Ä–æ–∂–∏–≤–∞–Ω–∏—è, –Ω–∞—Ö–æ–¥–∏—Ç—Å—è –≤ —à–∞–≥–æ–≤‚Ä¶",–ü—Ä–æ–≤–µ—Ä–µ–Ω–Ω–∞—è –∫–æ–º–ø–∞–Ω–∏—è,–ê–ª–º–∞—Ç—ã,28 —Ñ–µ–≤—Ä.,1,0,0,1,0,1,07-03-2021 08:27:13,"–ø–∞–Ω–µ–ª—å–Ω—ã–π, 1988 –≥.–ø.",5 –∏–∑ 5,"83.7 –º¬≤, –∂–∏–ª–∞—è ‚Äî 52.5 –º¬≤, –∫—É—Ö–Ω—è ‚Äî 10.2 –º¬≤",–µ–≤—Ä–æ—Ä–µ–º–æ–Ω—Ç,—Ä–∞–∑–¥–µ–ª—å–Ω—ã–π,–±–∞–ª–∫–æ–Ω –∏ –ª–æ–¥–∂–∏—è,–¥–∞,,–±—Ä–æ–Ω–∏—Ä–æ–≤–∞–Ω–Ω–∞—è,ADSL,—á–∞—Å—Ç–∏—á–Ω–æ –º–µ–±–ª–∏—Ä–æ–≤–∞–Ω–∞,–ª–∞–º–∏–Ω–∞—Ç,,"–¥–æ–º–æ—Ñ–æ–Ω, –≤–∏–¥–µ–æ–Ω–∞–±–ª—é–¥–µ–Ω–∏–µ",,–æ—Ç–¥–µ–ª—å–Ω—ã–π,—Ä—è–¥–æ–º –æ—Ö—Ä–∞–Ω—è–µ–º–∞—è —Å—Ç–æ—è–Ω–∫–∞,–Ω–µ—Ç,"–ü–ª–∞—Å—Ç–∏–∫–æ–≤—ã–µ –æ–∫–Ω–∞, –Ω–µ—É–≥–ª–æ–≤–∞—è, —É–ª—É—á—à–µ–Ω–Ω–∞—è, –∫–æ–º–Ω–∞—Ç—ã –∏–∑–æ–ª–∏—Ä–æ–≤–∞–Ω—ã, –≤—Å—Ç—Ä–æ–µ–Ω–Ω–∞—è –∫—É—Ö–Ω—è, –Ω–æ–≤–∞—è —Å–∞–Ω—Ç–µ—Ö–Ω–∏–∫–∞, –∫–ª–∞–¥–æ–≤–∫–∞, —Å—á—ë—Ç—á–∏–∫–∏, —Ç–∏—Ö–∏–π –¥–≤–æ—Ä.","–°—Ä–æ—á–Ω–æ –ø—Ä–æ–¥–∞–µ—Ç—Å—è –æ—Ç–ª–∏—á–Ω–∞—è –∫–≤–∞—Ä—Ç–∏—Ä–∞ –≤ —Ö–æ—Ä–æ—à–µ–º —Ä–∞–π–æ–Ω–µ. –í—Å—ë, —á—Ç–æ –Ω—É–∂–Ω–æ –¥–ª—è –∫–æ–º—Ñ–æ—Ä—Ç–Ω–æ–≥–æ –ø—Ä–æ–∂–∏–≤–∞–Ω–∏—è, –Ω–∞—Ö–æ–¥–∏—Ç—Å—è –≤ —à–∞–≥–æ–≤–æ–π –¥–æ—Å—Ç—É–ø–Ω–æ—Å—Ç–∏. –¥–æ–º –≥–∞–∑–∏—Ñ–∏—Ü–∏—Ä–æ–≤–∞–Ω. 
–∑–≤–æ–Ω–∏—Ç–µ, —Å–º–æ—Ç—Ä–∏—Ç–µ, –ø–æ–∫—É–ø–∞–π—Ç–µ."
665599517,1,https://krisha.kz/a/show/665599517,almaty-zhetysuskij,4,"4-–∫–æ–º–Ω–∞—Ç–Ω–∞—è –∫–≤–∞—Ä—Ç–∏—Ä–∞, 88.5 –º¬≤, 4/5 —ç—Ç–∞–∂",36000000,"–ñ–µ—Ç—ã—Å—É—Å–∫–∏–π —Ä-–Ω, –º–∫—Ä –ê–π–Ω–∞–±—É–ª–∞–∫-4 192","–ø–∞–Ω–µ–ª—å–Ω—ã–π –¥–æ–º, 1988 –≥.–ø., —Å–æ—Å—Ç–æ—è–Ω–∏–µ: –µ–≤—Ä–æ—Ä–µ–º–æ–Ω—Ç, –ø–æ—Ç–æ–ª–∫–∏ 2.8–º., —Å–∞–Ω—É–∑–µ–ª —Ä–∞–∑–¥–µ–ª—å–Ω—ã–π, —Ç–µ–ª–µ—Ñ–æ–Ω: –æ—Ç–¥–µ–ª—å–Ω—ã–π, –∏–Ω—Ç–µ—Ä–Ω–µ—Ç —á–µ—Ä–µ–∑ TV –∫–∞–±–µ–ª—å, –ø–æ–ª–Ω–æ—Å—Ç—å—é –º–µ–±–ª–∏—Ä–æ–≤–∞–Ω–∞, –í —à–∞–≥–æ–≤–æ–π –¥–æ—Å—Ç—É–ø–Ω–æ—Å—Ç–∏ –Ω–∞—Ö–æ–¥–∏—Ç—Å—è –∞–±—Å–æ–ª—é—Ç–Ω–æ –≤—Å–µ, –¥–µ—Ç. —Å–∞–¥—ã, —à–∫–æ–ª—ã, –±–∞–∑–∞—Ä—ã, –º–∞–≥–∞–∑–∏–Ω—ã. –∞–≤—Ç–æ–±—É—Å—ã –≤–æ –≤—Å–µ –Ω–∞–ø—Ä–∞–≤–ª–µ–Ω–∏—è. –≤ –∫–≤–∞—Ä—Ç–∏—Ä–µ –æ—Å—Ç–∞—ë—Ç—Å—è –≤—Å–µ",–•–æ–∑—è–∏–Ω –Ω–µ–¥–≤–∏–∂–∏–º–æ—Å—Ç–∏,–ê–ª–º–∞—Ç—ã,6 –º–∞—Ä.,1,1,1,0,0,0,07-03-2021 08:27:14,"–ø–∞–Ω–µ–ª—å–Ω—ã–π, 1988 –≥.–ø.",4 –∏–∑ 5,"88.5 –º¬≤, –∫—É—Ö–Ω—è ‚Äî 12 –º¬≤",–µ–≤—Ä–æ—Ä–µ–º–æ–Ω—Ç,—Ä–∞–∑–¥–µ–ª—å–Ω—ã–π,–Ω–µ—Å–∫–æ–ª—å–∫–æ –±–∞–ª–∫–æ–Ω–æ–≤ –∏–ª–∏ –ª–æ–¥–∂–∏–π,–¥–∞,,–¥–µ—Ä–µ–≤—è–Ω–Ω–∞—è,—á–µ—Ä–µ–∑ TV –∫–∞–±–µ–ª—å,–ø–æ–ª–Ω–æ—Å—Ç—å—é –º–µ–±–ª–∏—Ä–æ–≤–∞–Ω–∞,–ª–∞–º–∏–Ω–∞—Ç,2.8 –º,"–¥–æ–º–æ—Ñ–æ–Ω, —Å–∏–≥–Ω–∞–ª–∏–∑–∞—Ü–∏—è",,–æ—Ç–¥–µ–ª—å–Ω—ã–π,—Ä—è–¥–æ–º –æ—Ö—Ä–∞–Ω—è–µ–º–∞—è —Å—Ç–æ—è–Ω–∫–∞,–Ω–µ—Ç,"–ü–ª–∞—Å—Ç–∏–∫–æ–≤—ã–µ –æ–∫–Ω–∞, —Ç–∏—Ö–∏–π –¥–≤–æ—Ä, —É–ª—É—á—à–µ–Ω–Ω–∞—è, –∫–æ–º–Ω–∞—Ç—ã –∏–∑–æ–ª–∏—Ä–æ–≤–∞–Ω—ã, –≤—Å—Ç—Ä–æ–µ–Ω–Ω–∞—è –∫—É—Ö–Ω—è, –Ω–æ–≤–∞—è —Å–∞–Ω—Ç–µ—Ö–Ω–∏–∫–∞, –∫–ª–∞–¥–æ–≤–∫–∞, —Å—á—ë—Ç—á–∏–∫–∏.","–í —à–∞–≥–æ–≤–æ–π –¥–æ—Å—Ç—É–ø–Ω–æ—Å—Ç–∏ –Ω–∞—Ö–æ–¥–∏—Ç—Å—è –∞–±—Å–æ–ª—é—Ç–Ω–æ –≤—Å–µ, –¥–µ—Ç. —Å–∞–¥—ã, —à–∫–æ–ª—ã, –±–∞–∑–∞—Ä—ã, –º–∞–≥–∞–∑–∏–Ω—ã. –∞–≤—Ç–æ–±—É—Å—ã –≤–æ –≤—Å–µ –Ω–∞–ø—Ä–∞–≤–ª–µ–Ω–∏—è. –≤ –∫–≤–∞—Ä—Ç–∏—Ä–µ –æ—Å—Ç–∞—ë—Ç—Å—è –≤—Å–µ ."
663307026,1,https://krisha.kz/a/show/663307026,almaty-zhetysuskij,4,"4-–∫–æ–º–Ω–∞—Ç–Ω–∞—è –∫–≤–∞—Ä—Ç–∏—Ä–∞, 84 –º¬≤, 2/5 —ç—Ç–∞–∂",30500000,"–ñ–µ—Ç—ã—Å—É—Å–∫–∏–π —Ä-–Ω, –º–∫—Ä –ö–æ–∫–∂–∏–µ–∫ 8","–ø–∞–Ω–µ–ª—å–Ω—ã–π –¥–æ–º, 1989 –≥.–ø., —Å–æ—Å—Ç–æ—è–Ω–∏–µ: —Ö–æ—Ä–æ—à–µ–µ, –∂–∏–ª. –ø–ª–æ—â–∞–¥—å 53.7 –∫–≤.–º., –∫—É—Ö–Ω—è 11 –∫–≤.–º., –ø–æ—Ç–æ–ª–∫–∏ 2.5–º., —Å–∞–Ω—É–∑–µ–ª —Ä–∞–∑–¥–µ–ª—å–Ω—ã–π, —Ç–µ–ª–µ—Ñ–æ–Ω: –æ—Ç–¥–µ–ª—å–Ω—ã–π, –∏–Ω—Ç–µ—Ä–Ω–µ—Ç –æ–ø—Ç–∏–∫–∞, —á–∞—Å—Ç–∏—á–Ω–æ –º–µ–±–ª–∏—Ä–æ–≤–∞–Ω–∞, –ü—Ä–æ–¥–∞–º –∫–≤–∞—Ä—Ç–∏—Ä—É –≤ –æ—á–µ–Ω—å —Ö–æ—Ä–æ—à–µ–º —Å–ø–∞–∫–æ–π–Ω–æ–º —Ä–∞–π–æ–Ω–µ –ø–æ —É–ª–∏—Ü–µ –ì–µ–æ–ª–æ–≥–æ–≤. 2 –∑–∞—Å—Ç–µ–∫–ª–µ–Ω—ã—Ö —Ç–µ–ø–ª—ã—Ö –±–∞–ª–∫–æ–Ω–∞, —Ä—è–¥–æ–º —à–∫–æ–ª—ã, –¥–µ—Ç—Å–∫‚Ä¶",–•–æ–∑—è–∏–Ω –Ω–µ–¥–≤–∏–∂–∏–º–æ—Å—Ç–∏,–ê–ª–º–∞—Ç—ã,6 –º–∞—Ä.,1,1,1,1,0,0,07-03-2021 08:27:15,"–ø–∞–Ω–µ–ª—å–Ω—ã–π, 1989 –≥.–ø.",2 –∏–∑ 5,"84 –º¬≤, –∂–∏–ª–∞—è ‚Äî 53.7 –º¬≤, –∫—É—Ö–Ω—è ‚Äî 11 –º¬≤",—Ö–æ—Ä–æ—à–µ–µ,—Ä–∞–∑–¥–µ–ª—å–Ω—ã–π,–Ω–µ—Å–∫–æ–ª—å–∫–æ –±–∞–ª–∫–æ–Ω–æ–≤ –∏–ª–∏ –ª–æ–¥–∂–∏–π,–¥–∞,,–±—Ä–æ–Ω–∏—Ä–æ–≤–∞–Ω–Ω–∞—è,–æ–ø—Ç–∏–∫–∞,—á–∞—Å—Ç–∏—á–Ω–æ –º–µ–±–ª–∏—Ä–æ–≤–∞–Ω–∞,–ª–∏–Ω–æ–ª–µ—É–º,2.5 –º,—Å–∏–≥–Ω–∞–ª–∏–∑–∞—Ü–∏—è,,–æ—Ç–¥–µ–ª—å–Ω—ã–π,—Ä—è–¥–æ–º –æ—Ö—Ä–∞–Ω—è–µ–º–∞—è —Å—Ç–æ—è–Ω–∫–∞,,"–ü–ª–∞—Å—Ç–∏–∫–æ–≤—ã–µ –æ–∫–Ω–∞, —É–ª—É—á—à–µ–Ω–Ω–∞—è, –≤—Å—Ç—Ä–æ–µ–Ω–Ω–∞—è –∫—É—Ö–Ω—è, –Ω–æ–≤–∞—è —Å–∞–Ω—Ç–µ—Ö–Ω–∏–∫–∞, –∫–ª–∞–¥–æ–≤–∫–∞, —Å—á—ë—Ç—á–∏–∫–∏, —Ç–∏—Ö–∏–π –¥–≤–æ—Ä, –∫–æ–Ω–¥–∏—Ü–∏–æ–Ω–µ—Ä.","–ü—Ä–æ–¥–∞–º –∫–≤–∞—Ä—Ç–∏—Ä—É –≤ –æ—á–µ–Ω—å —Ö–æ—Ä–æ—à–µ–º —Å–ø–∞–∫–æ–π–Ω–æ–º —Ä–∞–π–æ–Ω–µ –ø–æ —É–ª–∏—Ü–µ –ì–µ–æ–ª–æ–≥–æ–≤. 2 –∑–∞—Å—Ç–µ–∫–ª–µ–Ω—ã—Ö —Ç–µ–ø–ª—ã—Ö –±–∞–ª–∫–æ–Ω–∞, —Ä—è–¥–æ–º —à–∫–æ–ª—ã, –¥–µ—Ç—Å–∫–∏–µ —Å–∞–¥—ã, –º–∞–≥–∞–∑–∏–Ω—ã, –ø–æ–ª–ª–µ–∫–ª–∏–Ω–∏–∫–∞. –•–æ—Ä–æ—à–∏–µ —Å–æ—Å–µ–¥–∏. –û—á–µ–Ω—å —Ç–µ–ø–ª–∞—è —É—é—Ç–Ω–∞—è –¥–ª—è –±–æ–ª—å—à–æ–π —Å–µ–º—å–∏! –ú–æ–∂–Ω–æ —á–µ—Ä–µ–∑ –±–∞–Ω–∫. –¶–µ–Ω–∞ –±–µ–∑ —Ç–æ—Ä–≥–∞."
46884787,1,https://krisha.kz/a/show/46884787,almaty-zhetysuskij,4,"4-–∫–æ–º–Ω–∞—Ç–Ω–∞—è –∫–≤–∞—Ä—Ç–∏—Ä–∞, 83 –º¬≤, 4/5 —ç—Ç–∞–∂",37000000,"–ñ–µ—Ç—ã—Å—É—Å–∫–∏–π —Ä-–Ω, –º–∫—Ä –ê–π–Ω–∞–±—É–ª–∞–∫-4 184","–ø–∞–Ω–µ–ª—å–Ω—ã–π –¥–æ–º, 1989 –≥.–ø., —Å–æ—Å—Ç–æ—è–Ω–∏–µ: –µ–≤—Ä–æ—Ä–µ–º–æ–Ω—Ç, –∂–∏–ª. –ø–ª–æ—â–∞–¥—å 65 –∫–≤.–º., –∫—É—Ö–Ω—è 11 –∫–≤.–º., –ø–æ—Ç–æ–ª–∫–∏ 2.8–º., —Å–∞–Ω—É–∑–µ–ª —Ä–∞–∑–¥–µ–ª—å–Ω—ã–π, —Ç–µ–ª–µ—Ñ–æ–Ω: –æ—Ç–¥–µ–ª—å–Ω—ã–π, –∏–Ω—Ç–µ—Ä–Ω–µ—Ç –ø—Ä–æ–≤–æ–¥–Ω–æ–π, —á–∞—Å—Ç–∏—á–Ω–æ –º–µ–±–ª–∏—Ä–æ–≤–∞–Ω–∞, –¢–æ—Ä–≥ –ø—Ä–∏ –æ—Å–º–æ—Ç—Ä–µ —É –∫–≤–∞—Ä—Ç–∏—Ä—É",–•–æ–∑—è–∏–Ω –Ω–µ–¥–≤–∏–∂–∏–º–æ—Å—Ç–∏,–ê–ª–º–∞—Ç—ã,7 –º–∞—Ä.,0,0,0,0,0,0,07-03-2021 08:27:16,"–ø–∞–Ω–µ–ª—å–Ω—ã–π, 1989 –≥.–ø.",4 –∏–∑ 5,"83 –º¬≤, –∂–∏–ª–∞—è ‚Äî 65 –º¬≤, –∫—É—Ö–Ω—è ‚Äî 11 –º¬≤",–µ–≤—Ä–æ—Ä–µ–º–æ–Ω—Ç,—Ä–∞–∑–¥–µ–ª—å–Ω—ã–π,–±–∞–ª–∫–æ–Ω –∏ –ª–æ–¥–∂–∏—è,–¥–∞,,–º–µ—Ç–∞–ª–ª–∏—á–µ—Å–∫–∞—è,–ø—Ä–æ–≤–æ–¥–Ω–æ–π,—á–∞—Å—Ç–∏—á–Ω–æ –º–µ–±–ª–∏—Ä–æ–≤–∞–Ω–∞,–ª–∞–º–∏–Ω–∞—Ç,2.8 –º,"–¥–æ–º–æ—Ñ–æ–Ω, –≤–∏–¥–µ–æ–Ω–∞–±–ª—é–¥–µ–Ω–∏–µ",–í–æ–∑–º–æ–∂–µ–Ω –æ–±–º–µ–Ω,–æ—Ç–¥–µ–ª—å–Ω—ã–π,—Ä—è–¥–æ–º –æ—Ö—Ä–∞–Ω—è–µ–º–∞—è —Å—Ç–æ—è–Ω–∫–∞,–Ω–µ—Ç,"–ü–ª–∞—Å—Ç–∏–∫–æ–≤—ã–µ –æ–∫–Ω–∞, –Ω–µ—É–≥–ª–æ–≤–∞—è, —É–ª—É—á—à–µ–Ω–Ω–∞—è, –∫–æ–º–Ω–∞—Ç—ã –∏–∑–æ–ª–∏—Ä–æ–≤–∞–Ω—ã, –Ω–æ–≤–∞—è —Å–∞–Ω—Ç–µ—Ö–Ω–∏–∫–∞, –∫–ª–∞–¥–æ–≤–∫–∞, —Å—á—ë—Ç—á–∏–∫–∏, —Ç–∏—Ö–∏–π –¥–≤–æ—Ä.",–¢–æ—Ä–≥ –ø—Ä–∏ –æ—Å–º–æ—Ç—Ä–µ —É –∫–≤–∞—Ä—Ç–∏—Ä—É
660925764,1,https://krisha.kz/a/show/660925764,almaty-zhetysuskij,4,"4-–∫–æ–º–Ω–∞—Ç–Ω–∞—è –∫–≤–∞—Ä—Ç–∏—Ä–∞, 83 –º¬≤, 2/2 —ç—Ç–∞–∂",24000000,"–ñ–µ—Ç—ã—Å—É—Å–∫–∏–π —Ä-–Ω, –º–∫—Ä –ö—É–ª–∞–≥–µ—Ä, –ù–æ–≥–∞–π–±–∞–µ–≤–∞ ‚Äî –î–µ–≥—Ç—è—Ä–µ–≤–∞","–∫–∏—Ä–ø–∏—á–Ω—ã–π –¥–æ–º, 1980 –≥.–ø., —Å–æ—Å—Ç–æ—è–Ω–∏–µ: —Ö–æ—Ä–æ—à–µ–µ, –∂–∏–ª. –ø–ª–æ—â–∞–¥—å 70 –∫–≤.–º., –∫—É—Ö–Ω—è 12 –∫–≤.–º., –ø–æ—Ç–æ–ª–∫–∏ 2.8–º., —Å–∞–Ω—É–∑–µ–ª —Å–æ–≤–º–µ—â–µ–Ω–Ω—ã–π, —Ç–µ–ª–µ—Ñ–æ–Ω: –æ—Ç–¥–µ–ª—å–Ω—ã–π, –∏–Ω—Ç–µ—Ä–Ω–µ—Ç ADSL, –ø–æ–ª–Ω–æ—Å—Ç—å—é –º–µ–±–ª–∏—Ä–æ–≤–∞–Ω–∞, –ü—Ä–æ–¥–∞–º –∫–≤–∞—Ä—Ç–∏—Ä—É, –±—ã–≤—à–∏–π –¥–µ—Ç—Å–∫–∏–π —Å–∞–¥, –∫–≤–∞—Ä—Ç–∏—Ä–∞ –ø—Ä–æ–¥–∞–µ—Ç—Å—è —Å –º–µ–±–µ–ª—å—é. –†—è–¥–æ–º —à–∫–æ–ª–∞ ‚Ññ43 (–∫–∞–∑) –∏ 57 (—Ä—É—Å—Å), –¥–µ—Ç—Å–∫–∏–π —Å–∞–¥, —Ä–∞–π‚Ä¶",–•–æ–∑—è–∏–Ω –Ω–µ–¥–≤–∏–∂–∏–º–æ—Å—Ç–∏,–ê–ª–º–∞—Ç—ã,7 –º–∞—Ä.,1,0,0,0,0,0,07-03-2021 08:27:17,"–∫–∏—Ä–ø–∏—á–Ω—ã–π, 1980 –≥.–ø.",2 –∏–∑ 2,"83 –º¬≤, –∂–∏–ª–∞—è ‚Äî 70 –º¬≤, –∫—É—Ö–Ω—è ‚Äî 12 –º¬≤",—Ö–æ—Ä–æ—à–µ–µ,—Å–æ–≤–º–µ—â–µ–Ω–Ω—ã–π,,,,–º–µ—Ç–∞–ª–ª–∏—á–µ—Å–∫–∞—è,ADSL,–ø–æ–ª–Ω–æ—Å—Ç—å—é –º–µ–±–ª–∏—Ä–æ–≤–∞–Ω–∞,–ª–∞–º–∏–Ω–∞—Ç,2.8 –º,,,–æ—Ç–¥–µ–ª—å–Ω—ã–π,,–Ω–µ—Ç,"–°—á—ë—Ç—á–∏–∫–∏, —Ç–∏—Ö–∏–π –¥–≤–æ—Ä.","–ü—Ä–æ–¥–∞–º –∫–≤–∞—Ä—Ç–∏—Ä—É, –±—ã–≤—à–∏–π –¥–µ—Ç—Å–∫–∏–π —Å–∞–¥, –∫–≤–∞—Ä—Ç–∏—Ä–∞ –ø—Ä–æ–¥–∞–µ—Ç—Å—è —Å –º–µ–±–µ–ª—å—é. –†—è–¥–æ–º —à–∫–æ–ª–∞ ‚Ññ43 (–∫–∞–∑) –∏ 57 (—Ä—É—Å—Å), –¥–µ—Ç—Å–∫–∏–π —Å–∞–¥, —Ä–∞–π–æ–Ω –°–µ–π—Ñ—É–ª–ª–∏–Ω–∞-–ë–µ–ª–∏–Ω—Å–∫–æ–≥–æ 
–ï—Å—Ç—å —Ç–æ—Ä–≥."
664687215,1,https://krisha.kz/a/show/664687215,almaty-zhetysuskij,4,"4-–∫–æ–º–Ω–∞—Ç–Ω–∞—è –∫–≤–∞—Ä—Ç–∏—Ä–∞, 96 –º¬≤, 5/5 —ç—Ç–∞–∂",34000000,"–ñ–µ—Ç—ã—Å—É—Å–∫–∏–π —Ä-–Ω, –º–∫—Ä –ê–π–Ω–∞–±—É–ª–∞–∫-4 188 ‚Äî –ñ—É–º–∞–±–∞–µ–≤–∞","–∫–∏—Ä–ø–∏—á–Ω—ã–π –¥–æ–º, 1985 –≥.–ø., —Å–æ—Å—Ç–æ—è–Ω–∏–µ: —Ö–æ—Ä–æ—à–µ–µ, –ø–æ—Ç–æ–ª–∫–∏ 2.5–º., —Å–∞–Ω—É–∑–µ–ª —Ä–∞–∑–¥–µ–ª—å–Ω—ã–π, —Ç–µ–ª–µ—Ñ–æ–Ω: –æ—Ç–¥–µ–ª—å–Ω—ã–π, –∏–Ω—Ç–µ—Ä–Ω–µ—Ç –ø—Ä–æ–≤–æ–¥–Ω–æ–π, —á–∞—Å—Ç–∏—á–Ω–æ –º–µ–±–ª–∏—Ä–æ–≤–∞–Ω–∞, –ü—Ä–æ–¥–∞–º –∫–≤–∞—Ä—Ç–∏—Ä—É 4—Ö –∫–æ–º–Ω–∞—Ç–Ω—É—é, —É–ª—É—á—à–µ–Ω–Ω—É—é –æ—Å–≤–µ–∂–µ–Ω–Ω—É—é –ø–æ—Å–ª–µ —Ä–µ–º–æ–Ω—Ç–∞, –æ—Ç–¥–µ–ª—å–Ω–æ —Å–∞–Ω—É–∑–µ–ª, –æ—Ç–¥–µ–ª—å–Ω–æ –≤–∞–Ω–Ω–∞, 5 —ç—Ç–∞–∂, –Ω–∞ –ø–ª–æ—â–∞–¥–∫–µ 2 –∫–≤–∞—Ä—Ç–∏—Ä—ã, –ª–µ—Ç–æ–º –ø—Ä–æ—Ö–ª–∞–¥–Ω–æ, –∑–∏‚Ä¶",–•–æ–∑—è–∏–Ω –Ω–µ–¥–≤–∏–∂–∏–º–æ—Å—Ç–∏,–ê–ª–º–∞—Ç—ã,7 –º–∞—Ä.,1,0,0,0,0,0,07-03-2021 08:27:18,"–∫–∏—Ä–ø–∏—á–Ω—ã–π, 1985 –≥.–ø.",5 –∏–∑ 5,"96 –º¬≤, –∫—É—Ö–Ω—è ‚Äî 12 –º¬≤",—Ö–æ—Ä–æ—à–µ–µ,—Ä–∞–∑–¥–µ–ª—å–Ω—ã–π,–±–∞–ª–∫–æ–Ω,–¥–∞,,–¥–µ—Ä–µ–≤—è–Ω–Ω–∞—è,–ø—Ä–æ–≤–æ–¥–Ω–æ–π,—á–∞—Å—Ç–∏—á–Ω–æ –º–µ–±–ª–∏—Ä–æ–≤–∞–Ω–∞,–ª–∏–Ω–æ–ª–µ—É–º,2.5 –º,–¥–æ–º–æ—Ñ–æ–Ω,–í–æ–∑–º–æ–∂–µ–Ω –æ–±–º–µ–Ω,–æ—Ç–¥–µ–ª—å–Ω—ã–π,–ø–∞—Ä–∫–∏–Ω–≥,,"–ü–ª–∞—Å—Ç–∏–∫–æ–≤—ã–µ –æ–∫–Ω–∞, —Ç–∏—Ö–∏–π –¥–≤–æ—Ä, –∫–æ–Ω–¥–∏—Ü–∏–æ–Ω–µ—Ä, –Ω–µ—É–≥–ª–æ–≤–∞—è, —É–ª—É—á—à–µ–Ω–Ω–∞—è, –Ω–æ–≤–∞—è —Å–∞–Ω—Ç–µ—Ö–Ω–∏–∫–∞, –∫–ª–∞–¥–æ–≤–∫–∞, —Å—á—ë—Ç—á–∏–∫–∏.","–ü—Ä–æ–¥–∞–º –∫–≤–∞—Ä—Ç–∏—Ä—É 4—Ö –∫–æ–º–Ω–∞—Ç–Ω—É—é, —É–ª—É—á—à–µ–Ω–Ω—É—é –æ—Å–≤–µ–∂–µ–Ω–Ω—É—é –ø–æ—Å–ª–µ —Ä–µ–º–æ–Ω—Ç–∞, –æ—Ç–¥–µ–ª—å–Ω–æ —Å–∞–Ω—É–∑–µ–ª, –æ—Ç–¥–µ–ª—å–Ω–æ –≤–∞–Ω–Ω–∞, 5 —ç—Ç–∞–∂, –Ω–∞ –ø–ª–æ—â–∞–¥–∫–µ 2 –∫–≤–∞—Ä—Ç–∏—Ä—ã, –ª–µ—Ç–æ–º –ø—Ä–æ—Ö–ª–∞–¥–Ω–æ, –∑–∏–º–æ–π —Ç–µ–ø–ª–æ, —Å–æ—Å–µ–¥–∏ –æ—á–µ–Ω—å –≤–µ–∂–ª–∏–≤—ã–µ, –≤ –¥–æ–º–µ –∏–º–µ–µ—Ç—Å—è –∫–æ–Ω–¥–∏—Ü–∏–æ–Ω–µ—Ä, –Ω–∞—Ç—è–∂–Ω—ã–µ –ø–æ—Ç–æ–ª–∫–∏, 2 –∫–ª–∞–¥–æ–≤–∫–∏, –º–µ–±–µ–ª—å –ø–æ–ª–Ω–æ—Å—Ç—å—é –æ—Å—Ç–∞—ë—Ç—Å—è —Å –∫—É—Ö–Ω–µ–π, –≤–æ –¥–≤–æ—Ä–µ –∏–º–µ–µ—Ç—Å—è –±–æ–ª—å—à–∞—è –¥–µ—Ç—Å–∫–∞—è –ø–ª–æ—â–∞–¥–∫–∞, —Ç–∞–∫ –∂–µ —Å—Ç–æ—è–Ω–∫–∞ –¥–ª—è –∞–≤—Ç–æ –ª–∏—á–Ω–∞—è, —Ä—è–¥–æ–º –º–∞–≥–∞–∑–∏–Ω—ã, –ú–∞–≥–Ω—É–º, —Ç–µ—Ö–Ω–æ–¥–æ–º, –¥–µ—Ç—Å–∫–∏–π —Å–∞–¥, –ø–æ–ª–∏–∫–ª–∏–Ω–∏–∫–∞, —á–∞—Å—Ç–Ω—ã–µ –±–æ–ª—å–Ω–∏—Ü—ã, –±–∞–∑–∞—Ä. –í 10 –º–∏–Ω—É—Ç–∞—Ö –±–∞—Ä–∞—Ö–æ–ª–∫–∞. –¢–æ—Ä–≥ –∏–º–µ–µ—Ç—Å—è."
661794124,1,https://krisha.kz/a/show/661794124,almaty-zhetysuskij,4,"4-–∫–æ–º–Ω–∞—Ç–Ω–∞—è –∫–≤–∞—Ä—Ç–∏—Ä–∞, 82.2 –º¬≤, 1/5 —ç—Ç–∞–∂",28500000,"–ñ–µ—Ç—ã—Å—É—Å–∫–∏–π —Ä-–Ω, –†—ã—Å–∫—É–ª–æ–≤–∞","–ø–∞–Ω–µ–ª—å–Ω—ã–π –¥–æ–º, 1987 –≥.–ø., —Å–æ—Å—Ç–æ—è–Ω–∏–µ: —Ö–æ—Ä–æ—à–µ–µ, –∂–∏–ª. –ø–ª–æ—â–∞–¥—å 52.5 –∫–≤.–º., –∫—É—Ö–Ω—è 10.2 –∫–≤.–º., –ø–æ—Ç–æ–ª–∫–∏ 2.5–º., —Å–∞–Ω—É–∑–µ–ª —Ä–∞–∑–¥–µ–ª—å–Ω—ã–π, —á–∞—Å—Ç–∏—á–Ω–æ –º–µ–±–ª–∏—Ä–æ–≤–∞–Ω–∞, –ü—Ä–æ–¥–∞–µ—Ç—Å—è —Å–≤–µ—Ç–ª–∞—è, —É—é—Ç–Ω–∞—è, —Ç–µ–ø–ª–∞—è, –ø—Ä–æ—Å—Ç–æ—Ä–Ω–∞—è –∫–≤–∞—Ä—Ç–∏—Ä–∞. –ö–≤–∞—Ä—Ç–∏—Ä–∞ –æ—á–µ–Ω—å —Ç–µ–ø–ª–∞—è, –Ω–µ—Å–º–æ—Ç—Ä—è –Ω–∞ —Ç–æ, —á—Ç–æ —É–≥–ª–æ–≤–∞—è (—Å—Ç–µ–Ω—ã –¥–æ–ø–æ–ª–Ω–∏—Ç–µ–ª—å–Ω–æ –±—ã–ª–∏ —É—Ç–µ–ø–ª–µ–Ω—ã —Å–Ω–∞—Ä—É–∂–∏‚Ä¶",–•–æ–∑—è–∏–Ω –Ω–µ–¥–≤–∏–∂–∏–º–æ—Å—Ç–∏,–ê–ª–º–∞—Ç—ã,7 –º–∞—Ä.,1,0,0,0,0,0,07-03-2021 08:27:18,"–ø–∞–Ω–µ–ª—å–Ω—ã–π, 1987 –≥.–ø.",1 –∏–∑ 5,"82.2 –º¬≤, –∂–∏–ª–∞—è ‚Äî 52.5 –º¬≤, –∫—É—Ö–Ω—è ‚Äî 10.2 –º¬≤",—Ö–æ—Ä–æ—à–µ–µ,—Ä–∞–∑–¥–µ–ª—å–Ω—ã–π,–Ω–µ—Å–∫–æ–ª—å–∫–æ –±–∞–ª–∫–æ–Ω–æ–≤ –∏–ª–∏ –ª–æ–¥–∂–∏–π,–¥–∞,,–º–µ—Ç–∞–ª–ª–∏—á–µ—Å–∫–∞—è,,—á–∞—Å—Ç–∏—á–Ω–æ –º–µ–±–ª–∏—Ä–æ–≤–∞–Ω–∞,–ª–∏–Ω–æ–ª–µ—É–º,2.5 –º,"—Ä–µ—à–µ—Ç–∫–∏ –Ω–∞ –æ–∫–Ω–∞—Ö, –¥–æ–º–æ—Ñ–æ–Ω, –≤–∏–¥–µ–æ–Ω–∞–±–ª—é–¥–µ–Ω–∏–µ",,,—Ä—è–¥–æ–º –æ—Ö—Ä–∞–Ω—è–µ–º–∞—è —Å—Ç–æ—è–Ω–∫–∞,–Ω–µ—Ç,"–ü–ª–∞—Å—Ç–∏–∫–æ–≤—ã–µ –æ–∫–Ω–∞, —Ç–∏—Ö–∏–π –¥–≤–æ—Ä, –∫–æ–º–Ω–∞—Ç—ã –∏–∑–æ–ª–∏—Ä–æ–≤–∞–Ω—ã, –∫–ª–∞–¥–æ–≤–∫–∞, —Å—á—ë—Ç—á–∏–∫–∏.","–ü—Ä–æ–¥–∞–µ—Ç—Å—è —Å–≤–µ—Ç–ª–∞—è, —É—é—Ç–Ω–∞—è, —Ç–µ–ø–ª–∞—è, –ø—Ä–æ—Å—Ç–æ—Ä–Ω–∞—è –∫–≤–∞—Ä—Ç–∏—Ä–∞. –ö–≤–∞—Ä—Ç–∏—Ä–∞ –æ—á–µ–Ω—å —Ç–µ–ø–ª–∞—è, –Ω–µ—Å–º–æ—Ç—Ä—è –Ω–∞ —Ç–æ, —á—Ç–æ —É–≥–ª–æ–≤–∞—è (—Å—Ç–µ–Ω—ã –¥–æ–ø–æ–ª–Ω–∏—Ç–µ–ª—å–Ω–æ –±—ã–ª–∏ —É—Ç–µ–ø–ª–µ–Ω—ã —Å–Ω–∞—Ä—É–∂–∏). –û—á–µ–Ω—å —Ö–æ—Ä–æ—à–∏–π, –±–æ–ª—å—à–æ–π –¥–≤–æ—Ä, –∑–∞–º–µ—á–∞—Ç–µ–ª—å–Ω—ã–µ —Å–æ—Å–µ–¥–∏. –†—è–¥–æ–º –ø—Ä–æ–¥—É–∫—Ç–æ–≤—ã–µ –º–∞–≥–∞–∑–∏–Ω—ã, –æ—Ö—Ä–∞–Ω—è–µ–º–∞—è —Å—Ç–æ—è–Ω–∫–∞, —à–∫–æ–ª–∞."
665188035,1,https://krisha.kz/a/show/665188035,almaty-zhetysuskij,4,"4-–∫–æ–º–Ω–∞—Ç–Ω–∞—è –∫–≤–∞—Ä—Ç–∏—Ä–∞, 81.7 –º¬≤, 4/5 —ç—Ç–∞–∂",35000000,"–ñ–µ—Ç—ã—Å—É—Å–∫–∏–π —Ä-–Ω, –º–∫—Ä –ê–π–Ω–∞–±—É–ª–∞–∫-4 184 ‚Äî –ñ“±–º–∞–±–∞–µ–≤","–ø–∞–Ω–µ–ª—å–Ω—ã–π –¥–æ–º, 1988 –≥.–ø., —Å–æ—Å—Ç–æ—è–Ω–∏–µ: —Ç—Ä–µ–±—É–µ—Ç —Ä–µ–º–æ–Ω—Ç–∞, –∂–∏–ª. –ø–ª–æ—â–∞–¥—å 52.8 –∫–≤.–º., –∫—É—Ö–Ω—è 10.2 –∫–≤.–º., —Å–∞–Ω—É–∑–µ–ª —Ä–∞–∑–¥–µ–ª—å–Ω—ã–π, —Ç–µ–ª–µ—Ñ–æ–Ω: –æ—Ç–¥–µ–ª—å–Ω—ã–π, –ø—É—Å—Ç–∞—è, –ü—Ä–æ–¥–∞–º 4 —Ö –∫–æ–º–Ω–∞—Ç–Ω—É—é –∫–≤–∞—Ä—Ç–∏—Ä—É –≤ —Ä–∞–π–æ–Ω–µ –ê–π–Ω–∞–±—É–ª–∞–∫-4 –¥–æ–º 184, –±–µ–∑ —Ä–µ–º–æ–Ω—Ç–∞, –æ–∫–Ω–∞ –¥–µ—Ä–µ–≤—è–Ω–Ω—ã–µ, —Å–∞–Ω—É–∑–µ–ª —Ä–∞–∑–¥–µ–ª—å–Ω—ã–π! –†—è–¥–æ–º, —Å–∞–¥–∏–∫, —à–∫–æ–ª–∞!",–•–æ–∑—è–∏–Ω –Ω–µ–¥–≤–∏–∂–∏–º–æ—Å—Ç–∏,–ê–ª–º–∞—Ç—ã,6 –º–∞—Ä.,1,0,0,0,0,0,07-03-2021 08:27:19,"–ø–∞–Ω–µ–ª—å–Ω—ã–π, 1988 –≥.–ø.",4 –∏–∑ 5,"81.7 –º¬≤, –∂–∏–ª–∞—è ‚Äî 52.8 –º¬≤, –∫—É—Ö–Ω—è ‚Äî 10.2 –º¬≤",—Ç—Ä–µ–±—É–µ—Ç —Ä–µ–º–æ–Ω—Ç–∞,—Ä–∞–∑–¥–µ–ª—å–Ω—ã–π,–±–∞–ª–∫–æ–Ω,–¥–∞,,–º–µ—Ç–∞–ª–ª–∏—á–µ—Å–∫–∞—è,,–ø—É—Å—Ç–∞—è,–ª–∏–Ω–æ–ª–µ—É–º,,,,–æ—Ç–¥–µ–ª—å–Ω—ã–π,,–Ω–µ—Ç,,"–ü—Ä–æ–¥–∞–º 4 —Ö –∫–æ–º–Ω–∞—Ç–Ω—É—é –∫–≤–∞—Ä—Ç–∏—Ä—É –≤ —Ä–∞–π–æ–Ω–µ –ê–π–Ω–∞–±—É–ª–∞–∫-4 –¥–æ–º 184, –±–µ–∑ —Ä–µ–º–æ–Ω—Ç–∞, –æ–∫–Ω–∞ –¥–µ—Ä–µ–≤—è–Ω–Ω—ã–µ, —Å–∞–Ω—É–∑–µ–ª —Ä–∞–∑–¥–µ–ª—å–Ω—ã–π! –†—è–¥–æ–º, —Å–∞–¥–∏–∫, —à–∫–æ–ª–∞!"
664937712,1,https://krisha.kz/a/show/664937712,almaty-zhetysuskij,4,"4-–∫–æ–º–Ω–∞—Ç–Ω–∞—è –∫–≤–∞—Ä—Ç–∏—Ä–∞, 83 –º¬≤, 5/5 —ç—Ç–∞–∂",36000000,"–ñ–µ—Ç—ã—Å—É—Å–∫–∏–π —Ä-–Ω, –º–∫—Ä –ê–π–Ω–∞–±—É–ª–∞–∫-3","–ø–∞–Ω–µ–ª—å–Ω—ã–π –¥–æ–º, 1987 –≥.–ø., —Å–æ—Å—Ç–æ—è–Ω–∏–µ: —Ö–æ—Ä–æ—à–µ–µ, –∂–∏–ª. –ø–ª–æ—â–∞–¥—å 56 –∫–≤.–º., –∫—É—Ö–Ω—è 10 –∫–≤.–º., –ø–æ—Ç–æ–ª–∫–∏ 2.6–º., —Å–∞–Ω—É–∑–µ–ª —Ä–∞–∑–¥–µ–ª—å–Ω—ã–π, —Ç–µ–ª–µ—Ñ–æ–Ω: –æ—Ç–¥–µ–ª—å–Ω—ã–π, –∏–Ω—Ç–µ—Ä–Ω–µ—Ç –ø—Ä–æ–≤–æ–¥–Ω–æ–π, —á–∞—Å—Ç–∏—á–Ω–æ –º–µ–±–ª–∏—Ä–æ–≤–∞–Ω–∞",–•–æ–∑—è–∏–Ω –Ω–µ–¥–≤–∏–∂–∏–º–æ—Å—Ç–∏,–ê–ª–º–∞—Ç—ã,6 –º–∞—Ä.,0,0,0,0,0,0,07-03-2021 08:27:20,"–ø–∞–Ω–µ–ª—å–Ω—ã–π, 1987 –≥.–ø.",5 –∏–∑ 5,"83 –º¬≤, –∂–∏–ª–∞—è ‚Äî 56 –º¬≤, –∫—É—Ö–Ω—è ‚Äî 10 –º¬≤",—Ö–æ—Ä–æ—à–µ–µ,—Ä–∞–∑–¥–µ–ª—å–Ω—ã–π,–±–∞–ª–∫–æ–Ω,,,–º–µ—Ç–∞–ª–ª–∏—á–µ—Å–∫–∞—è,–ø—Ä–æ–≤–æ–¥–Ω–æ–π,—á–∞—Å—Ç–∏—á–Ω–æ –º–µ–±–ª–∏—Ä–æ–≤–∞–Ω–∞,,2.6 –º,"–¥–æ–º–æ—Ñ–æ–Ω, –≤–∏–¥–µ–æ–Ω–∞–±–ª—é–¥–µ–Ω–∏–µ",,–æ—Ç–¥–µ–ª—å–Ω—ã–π,–≥–∞—Ä–∞–∂,,"–ü–ª–∞—Å—Ç–∏–∫–æ–≤—ã–µ –æ–∫–Ω–∞, —É–ª—É—á—à–µ–Ω–Ω–∞—è.",
661643497,1,https://krisha.kz/a/show/661643497,almaty-zhetysuskij,4,"4-–∫–æ–º–Ω–∞—Ç–Ω–∞—è –∫–≤–∞—Ä—Ç–∏—Ä–∞, 79 –º¬≤, 4/5 —ç—Ç–∞–∂",25000000,"–ñ–µ—Ç—ã—Å—É—Å–∫–∏–π —Ä-–Ω, –º–∫—Ä –ö–µ–º–µ–ª (–ü–µ—Ä–≤–æ–º–∞–π—Å–∫–æ–µ) 40–∞","–ø–∞–Ω–µ–ª—å–Ω—ã–π –¥–æ–º, 1995 –≥.–ø., —Å–æ—Å—Ç–æ—è–Ω–∏–µ: —Å—Ä–µ–¥–Ω–µ–µ, –∂–∏–ª. –ø–ª–æ—â–∞–¥—å 51.2 –∫–≤.–º., –∫—É—Ö–Ω—è 10.6 –∫–≤.–º., –ø–æ—Ç–æ–ª–∫–∏ 2.5–º., —Å–∞–Ω—É–∑–µ–ª —Ä–∞–∑–¥–µ–ª—å–Ω—ã–π, —Ç–µ–ª–µ—Ñ–æ–Ω: –æ—Ç–¥–µ–ª—å–Ω—ã–π, –∏–Ω—Ç–µ—Ä–Ω–µ—Ç –ø—Ä–æ–≤–æ–¥–Ω–æ–π, –ø–æ–ª–Ω–æ—Å—Ç—å—é –º–µ–±–ª–∏—Ä–æ–≤–∞–Ω–∞, –ü—Ä–æ–¥–∞–µ–º –∫–≤–∞—Ä—Ç–∏—Ä—É, –≤ –ñ–µ—Ç—ã—Å—É—Å–∫–æ–º —Ä–∞–π–æ–Ω–µ, –†—è–¥–æ–º –µ—Å—Ç—å, –±–∞–∑–∞—Ä—á–∏–∫, –º–∞–≥–∞–∑–∏–Ω—ã, magnum, –°–∞–¥–∏–∫, —à–∫–æ–ª–∞, –ø–æ–ª–∏–∫–ª–∏–Ω–∏–∫–∞ –∏ —á–∞‚Ä¶",–•–æ–∑—è–∏–Ω –Ω–µ–¥–≤–∏–∂–∏–º–æ—Å—Ç–∏,–ê–ª–º–∞—Ç—ã,6 –º–∞—Ä.,1,0,0,1,0,0,07-03-2021 08:27:21,"–ø–∞–Ω–µ–ª—å–Ω—ã–π, 1995 –≥.–ø.",4 –∏–∑ 5,"79 –º¬≤, –∂–∏–ª–∞—è ‚Äî 51.2 –º¬≤, –∫—É—Ö–Ω—è ‚Äî 10.6 –º¬≤",—Å—Ä–µ–¥–Ω–µ–µ,—Ä–∞–∑–¥–µ–ª—å–Ω—ã–π,–Ω–µ—Å–∫–æ–ª—å–∫–æ –±–∞–ª–∫–æ–Ω–æ–≤ –∏–ª–∏ –ª–æ–¥–∂–∏–π,–¥–∞,,–º–µ—Ç–∞–ª–ª–∏—á–µ—Å–∫–∞—è,–ø—Ä–æ–≤–æ–¥–Ω–æ–π,–ø–æ–ª–Ω–æ—Å—Ç—å—é –º–µ–±–ª–∏—Ä–æ–≤–∞–Ω–∞,–ª–∏–Ω–æ–ª–µ—É–º,2.5 –º,"–æ—Ö—Ä–∞–Ω–∞, –¥–æ–º–æ—Ñ–æ–Ω",–í–æ–∑–º–æ–∂–µ–Ω –æ–±–º–µ–Ω,–æ—Ç–¥–µ–ª—å–Ω—ã–π,–ø–∞—Ä–∫–∏–Ω–≥,–Ω–µ—Ç,"–ü–ª–∞—Å—Ç–∏–∫–æ–≤—ã–µ –æ–∫–Ω–∞, —Ç–∏—Ö–∏–π –¥–≤–æ—Ä, —É–¥–æ–±–Ω–æ –ø–æ–¥ –∫–æ–º–º–µ—Ä—Ü–∏—é, –Ω–µ—É–≥–ª–æ–≤–∞—è, —É–ª—É—á—à–µ–Ω–Ω–∞—è, –∫–æ–º–Ω–∞—Ç—ã –∏–∑–æ–ª–∏—Ä–æ–≤–∞–Ω—ã, –Ω–æ–≤–∞—è —Å–∞–Ω—Ç–µ—Ö–Ω–∏–∫–∞, –∫–ª–∞–¥–æ–≤–∫–∞, —Å—á—ë—Ç—á–∏–∫–∏.","–ü—Ä–æ–¥–∞–µ–º –∫–≤–∞—Ä—Ç–∏—Ä—É, –≤ –ñ–µ—Ç—ã—Å—É—Å–∫–æ–º —Ä–∞–π–æ–Ω–µ, –†—è–¥–æ–º –µ—Å—Ç—å, –±–∞–∑–∞—Ä—á–∏–∫, –º–∞–≥–∞–∑–∏–Ω—ã, magnum, –°–∞–¥–∏–∫, —à–∫–æ–ª–∞, –ø–æ–ª–∏–∫–ª–∏–Ω–∏–∫–∞ –∏ —á–∞—Å—Ç–Ω–∞—è –ø–æ–ª–∏–∫–ª–∏–Ω–∏–∫–∞ (–ú–æ–π –¥–æ–∫—Ç–æ—Ä). –í–æ –¥–≤–æ—Ä–µ –µ—Å—Ç—å –¥–µ—Ç—Å–∫–∞—è –ø–ª–æ—â–∞–¥–∫–∞ –¥–ª—è –¥–µ—Ç–µ–π –Ω–æ–≤–∞—è –∏ —Ç—Ä–µ–Ω–∞–∂—ë—Ä—ã. —Å—Ä–æ—á–Ω–æ –ø—Ä–æ–¥–∞–µ–º! —Ç–æ—Ä–≥ –µ—Å—Ç—å !"
665604385,1,https://krisha.kz/a/show/665604385,almaty-zhetysuskij,4,"4-–∫–æ–º–Ω–∞—Ç–Ω–∞—è –∫–≤–∞—Ä—Ç–∏—Ä–∞, 84 –º¬≤, 2/5 —ç—Ç–∞–∂",30500000,"–ñ–µ—Ç—ã—Å—É—Å–∫–∏–π —Ä-–Ω, –ì–µ–æ–ª–æ–≥–æ–≤","–ø–∞–Ω–µ–ª—å–Ω—ã–π –¥–æ–º, 1989 –≥.–ø., –∂–∏–ª. –ø–ª–æ—â–∞–¥—å 53.7 –∫–≤.–º., –∫—É—Ö–Ω—è 11 –∫–≤.–º., –≠–∫—Å–∫–ª—é–∑–∏–≤–Ω–æ–µ –ø—Ä–µ–¥–ª–æ–∂–µ–Ω–∏–µ –æ—Ç –ê–≥–µ–Ω—Ç—Å—Ç–≤–∞ –ù–µ–¥–≤–∏–∂–∏–º–æ—Å—Ç–∏ –ê—Ç—Ä–∏—É–º! –ü—Ä–æ–¥–∞–µ—Ç—Å—è 4—Ö –∫–æ–º–Ω–∞—Ç–Ω–∞—è –∫–≤–∞—Ä—Ç–∏—Ä–∞ –≤ –ø—Ä–µ–∫—Ä–∞—Å–Ω–æ–º —Å–æ—Å—Ç–æ—è–Ω–∏–∏! –ß–∞—Å—Ç–∏—á–Ω–æ –º–µ–±–ª–∏—Ä–æ–≤–∞–Ω–Ω–∞—è! –û–¥–∏–Ω –∏–∑ —Å–∞–º—ã—Ö –≤–æ—Å—Ç—Ä–µ–±–æ–≤–∞–Ω–Ω—ã—Ö –º–∏–∫—Ä–æ—Ä–∞–π–æ–Ω–æ–≤! –¢–∏—Ö–∏–π –¥–≤–æ—Ä! –í—Å–µ –≤ —à–∞–≥–æ–≤–æ–π –¥–æ—Å—Ç—É–ø–Ω–æ—Å—Ç–∏! –®–∫–æ–ª—ã‚Ä¶",–°–ø–µ—Ü–∏–∞–ª–∏—Å—Ç,–ê–ª–º–∞—Ç—ã,6 –º–∞—Ä.,0,0,0,0,0,0,07-03-2021 08:27:22,"–ø–∞–Ω–µ–ª—å–Ω—ã–π, 1989 –≥.–ø.",2 –∏–∑ 5,"84 –º¬≤, –∂–∏–ª–∞—è ‚Äî 53.7 –º¬≤, –∫—É—Ö–Ω—è ‚Äî 11 –º¬≤",,,,,,,,,,,,,,,–Ω–µ—Ç,,"–≠–∫—Å–∫–ª—é–∑–∏–≤–Ω–æ–µ –ø—Ä–µ–¥–ª–æ–∂–µ–Ω–∏–µ –æ—Ç –ê–≥–µ–Ω—Ç—Å—Ç–≤–∞ –ù–µ–¥–≤–∏–∂–∏–º–æ—Å—Ç–∏ –ê—Ç—Ä–∏—É–º! –ü—Ä–æ–¥–∞–µ—Ç—Å—è 4—Ö –∫–æ–º–Ω–∞—Ç–Ω–∞—è –∫–≤–∞—Ä—Ç–∏—Ä–∞ –≤ –ø—Ä–µ–∫—Ä–∞—Å–Ω–æ–º —Å–æ—Å—Ç–æ—è–Ω–∏–∏! –ß–∞—Å—Ç–∏—á–Ω–æ –º–µ–±–ª–∏—Ä–æ–≤–∞–Ω–Ω–∞—è! –û–¥–∏–Ω –∏–∑ —Å–∞–º—ã—Ö –≤–æ—Å—Ç—Ä–µ–±–æ–≤–∞–Ω–Ω—ã—Ö –º–∏–∫—Ä–æ—Ä–∞–π–æ–Ω–æ–≤! –¢–∏—Ö–∏–π –¥–≤–æ—Ä! –í—Å–µ –≤ —à–∞–≥–æ–≤–æ–π –¥–æ—Å—Ç—É–ø–Ω–æ—Å—Ç–∏! –®–∫–æ–ª—ã, –¥–µ—Ç—Å–∫–∏–µ —Å–∞–¥—ã, —Å—É–ø–µ—Ä–º–∞—Ä–∫–µ—Ç—ã, –±–∞–∑–∞—Ä, –ø–æ–ª–∏–∫–ª–∏–Ω–∏–∫–∞! –õ—É—á—à–∞—è —Ü–µ–Ω–∞! –¢–û–†–û–ü–ò–¢–ï–°–¨!"
664183805,1,https://krisha.kz/a/show/664183805,almaty-zhetysuskij,4,"4-–∫–æ–º–Ω–∞—Ç–Ω–∞—è –∫–≤–∞—Ä—Ç–∏—Ä–∞, 70 –º¬≤, 1/1 —ç—Ç–∞–∂",23000000,"–ñ–µ—Ç—ã—Å—É—Å–∫–∏–π —Ä-–Ω, –º–∫—Ä –ö–µ–º–µ–ª (–ü–µ—Ä–≤–æ–º–∞–π—Å–∫–æ–µ) 14 ‚Äî –ë–µ–∫–º–∞—Ö–∞–Ω–æ–≤–∞","1963 –≥.–ø., —Å–æ—Å—Ç–æ—è–Ω–∏–µ: —Å—Ä–µ–¥–Ω–µ–µ, –∂–∏–ª. –ø–ª–æ—â–∞–¥—å 59 –∫–≤.–º., –∫—É—Ö–Ω—è 11 –∫–≤.–º., –ø–æ—Ç–æ–ª–∫–∏ 3–º., —Ç–µ–ª–µ—Ñ–æ–Ω: –æ—Ç–¥–µ–ª—å–Ω—ã–π, –∏–Ω—Ç–µ—Ä–Ω–µ—Ç —á–µ—Ä–µ–∑ TV –∫–∞–±–µ–ª—å",–•–æ–∑—è–∏–Ω –Ω–µ–¥–≤–∏–∂–∏–º–æ—Å—Ç–∏,–ê–ª–º–∞—Ç—ã,6 –º–∞—Ä.,0,0,0,0,0,0,07-03-2021 08:27:23,"–∏–Ω–æ–µ, 1963 –≥.–ø.",1 –∏–∑ 1,"70 –º¬≤, –∂–∏–ª–∞—è ‚Äî 59 –º¬≤, –∫—É—Ö–Ω—è ‚Äî 11 –º¬≤",—Å—Ä–µ–¥–Ω–µ–µ,,,,,–¥–µ—Ä–µ–≤—è–Ω–Ω–∞—è,—á–µ—Ä–µ–∑ TV –∫–∞–±–µ–ª—å,,,3 –º,,–í–æ–∑–º–æ–∂–µ–Ω –æ–±–º–µ–Ω,–æ—Ç–¥–µ–ª—å–Ω—ã–π,,–Ω–µ—Ç,,
663574531,1,https://krisha.kz/a/show/663574531,almaty-zhetysuskij,4,"4-–∫–æ–º–Ω–∞—Ç–Ω–∞—è –∫–≤–∞—Ä—Ç–∏—Ä–∞, 74 –º¬≤, 2/5 —ç—Ç–∞–∂",34000000,"–ñ–µ—Ç—ã—Å—É—Å–∫–∏–π —Ä-–Ω, –º–∫—Ä –ê–π–Ω–∞–±—É–ª–∞–∫-3, –ú–∞–∫–∞—Ç–∞–µ–≤–∞ 104","–ø–∞–Ω–µ–ª—å–Ω—ã–π –¥–æ–º, 1984 –≥.–ø., —Å–æ—Å—Ç–æ—è–Ω–∏–µ: —Å—Ä–µ–¥–Ω–µ–µ, –∂–∏–ª. –ø–ª–æ—â–∞–¥—å 54.4 –∫–≤.–º., –∫—É—Ö–Ω—è 9 –∫–≤.–º., —Å–∞–Ω—É–∑–µ–ª —Ä–∞–∑–¥–µ–ª—å–Ω—ã–π, —Ç–µ–ª–µ—Ñ–æ–Ω: –æ—Ç–¥–µ–ª—å–Ω—ã–π, –∏–Ω—Ç–µ—Ä–Ω–µ—Ç –æ–ø—Ç–∏–∫–∞, –ø–æ–ª–Ω–æ—Å—Ç—å—é –º–µ–±–ª–∏—Ä–æ–≤–∞–Ω–∞, –°–†–û–ß–ù–û! —Ç–æ—Ä–≥! –ü—Ä–æ–¥–∞–º-—É—é—Ç–Ω—É—é, —Ç–µ–ø–ª—É—é –∫–≤–∞—Ä—Ç–∏—Ä—É! –†—è–¥–æ–º —Å –¥–æ–º–æ–º 2–µ —à–∫–æ–ª—ã-110, 129. 4-—Å–∞–¥–∏–∫–∞. –î–≤–æ—Ä –ø–æ—Å–ª–µ —Ä–µ–º–æ–Ω—Ç–∞. –†—è–¥–æ–º —Å–∫–≤–µ—Ä, –ü–æ–ª–∏–∫–ª–∏–Ω–∏–∫‚Ä¶",–•–æ–∑—è–∏–Ω –Ω–µ–¥–≤–∏–∂–∏–º–æ—Å—Ç–∏,–ê–ª–º–∞—Ç—ã,5 –º–∞—Ä.,1,0,0,1,1,0,07-03-2021 08:27:24,"–ø–∞–Ω–µ–ª—å–Ω—ã–π, 1984 –≥.–ø.",2 –∏–∑ 5,"74 –º¬≤, –∂–∏–ª–∞—è ‚Äî 54.4 –º¬≤, –∫—É—Ö–Ω—è ‚Äî 9 –º¬≤",—Å—Ä–µ–¥–Ω–µ–µ,—Ä–∞–∑–¥–µ–ª—å–Ω—ã–π,–±–∞–ª–∫–æ–Ω,–¥–∞,,–º–µ—Ç–∞–ª–ª–∏—á–µ—Å–∫–∞—è,–æ–ø—Ç–∏–∫–∞,–ø–æ–ª–Ω–æ—Å—Ç—å—é –º–µ–±–ª–∏—Ä–æ–≤–∞–Ω–∞,–ª–∏–Ω–æ–ª–µ—É–º,,"—Ä–µ—à–µ—Ç–∫–∏ –Ω–∞ –æ–∫–Ω–∞—Ö, –¥–æ–º–æ—Ñ–æ–Ω, –≤–∏–¥–µ–æ–Ω–∞–±–ª—é–¥–µ–Ω–∏–µ",,–æ—Ç–¥–µ–ª—å–Ω—ã–π,—Ä—è–¥–æ–º –æ—Ö—Ä–∞–Ω—è–µ–º–∞—è —Å—Ç–æ—è–Ω–∫–∞,–Ω–µ—Ç,"–ü–ª–∞—Å—Ç–∏–∫–æ–≤—ã–µ –æ–∫–Ω–∞, –Ω–µ—É–≥–ª–æ–≤–∞—è, –∫–æ–º–Ω–∞—Ç—ã –∏–∑–æ–ª–∏—Ä–æ–≤–∞–Ω—ã, —Å—á—ë—Ç—á–∏–∫–∏, —Ç–∏—Ö–∏–π –¥–≤–æ—Ä, –∫–æ–Ω–¥–∏—Ü–∏–æ–Ω–µ—Ä.","–°–†–û–ß–ù–û! —Ç–æ—Ä–≥! 
–ü—Ä–æ–¥–∞–º-—É—é—Ç–Ω—É—é, —Ç–µ–ø–ª—É—é –∫–≤–∞—Ä—Ç–∏—Ä—É! –†—è–¥–æ–º —Å –¥–æ–º–æ–º 2–µ —à–∫–æ–ª—ã-110, 129. 4-—Å–∞–¥–∏–∫–∞. –î–≤–æ—Ä –ø–æ—Å–ª–µ —Ä–µ–º–æ–Ω—Ç–∞. –†—è–¥–æ–º —Å–∫–≤–µ—Ä, –ü–æ–ª–∏–∫–ª–∏–Ω–∏–∫–∞, –º–∞–≥–Ω—É–º, –∞–ø—Ç–µ–∫–∏, –∞–≤—Ç–æ–º–æ–π–∫–∞, –æ—Å—Ç–∞–Ω–æ–≤–∫–∞. 
—Ç/–¥ –°—É–ª—Ç–∞–Ω, –ë–µ–ª–µ—Å, –ë–∞–∑–∞—Ä—á–∏–∫, '–ê“ì–∞–π—ã–Ω' (–≥–æ—Å—Ç–∏–Ω–∏—Ü–∞, —Ä–µ—Å—Ç–æ—Ä–∞–Ω, –∫–∞—Ñ–µ, –±–∞—Å—Å–µ–π–Ω) –≤ –ø—è—Ç–∏ –º–∏–Ω—É—Ç–∞—Ö —Ö–æ–¥—å–±—ã."
664722587,1,https://krisha.kz/a/show/664722587,almaty-zhetysuskij,4,"4-–∫–æ–º–Ω–∞—Ç–Ω–∞—è –∫–≤–∞—Ä—Ç–∏—Ä–∞, 77 –º¬≤, 2/2 —ç—Ç–∞–∂",15000000,"–ñ–µ—Ç—ã—Å—É—Å–∫–∏–π —Ä-–Ω, –ë–æ–∫–µ–π—Ö–∞–Ω–æ–≤–∞ ‚Äî –¢–∞—à–∫–µ–Ω—Ç—Å–∫–∞—è","–∫–∏—Ä–ø–∏—á–Ω—ã–π –¥–æ–º, 1960 –≥.–ø., —Å–æ—Å—Ç–æ—è–Ω–∏–µ: —Ö–æ—Ä–æ—à–µ–µ, –∂–∏–ª. –ø–ª–æ—â–∞–¥—å 58 –∫–≤.–º., –∫—É—Ö–Ω—è 6 –∫–≤.–º., –ø–æ—Ç–æ–ª–∫–∏ 2.8–º., —Å–∞–Ω—É–∑–µ–ª —Ä–∞–∑–¥–µ–ª—å–Ω—ã–π, —Ç–µ–ª–µ—Ñ–æ–Ω: –æ—Ç–¥–µ–ª—å–Ω—ã–π, –∏–Ω—Ç–µ—Ä–Ω–µ—Ç ADSL, —á–∞—Å—Ç–∏—á–Ω–æ –º–µ–±–ª–∏—Ä–æ–≤–∞–Ω–∞, –ü—Ä–æ–¥–∞–º –∫–≤–∞—Ä—Ç–∏—Ä—É 77 –∫–í. –ø–æ –æ—á–µ–Ω—å –ø—Ä–∏–µ–º–ª–µ–º–æ–π —Ü–µ–Ω–µ. –î–æ–º —Å—Ç–∞—Ä—ã–π, –Ω–æ –∫–∏—Ä–ø–∏—á–Ω—ã–π –ª–µ—Ç–æ–º –ø—Ä–æ—Ö–ª–∞–¥–Ω–æ –∫–æ–Ω–¥–∏—Ü–∏–æ–Ω–µ—Ä –Ω–µ –Ω—É–∂–µ–Ω, –∑–∏–º–æ–π –æ‚Ä¶",–•–æ–∑—è–∏–Ω –Ω–µ–¥–≤–∏–∂–∏–º–æ—Å—Ç–∏,–ê–ª–º–∞—Ç—ã,5 –º–∞—Ä.,0,0,0,0,0,0,07-03-2021 08:27:25,"–∫–∏—Ä–ø–∏—á–Ω—ã–π, 1960 –≥.–ø.",2 –∏–∑ 2,"77 –º¬≤, –∂–∏–ª–∞—è ‚Äî 58 –º¬≤, –∫—É—Ö–Ω—è ‚Äî 6 –º¬≤",—Ö–æ—Ä–æ—à–µ–µ,—Ä–∞–∑–¥–µ–ª—å–Ω—ã–π,,,,–º–µ—Ç–∞–ª–ª–∏—á–µ—Å–∫–∞—è,ADSL,—á–∞—Å—Ç–∏—á–Ω–æ –º–µ–±–ª–∏—Ä–æ–≤–∞–Ω–∞,–ª–∏–Ω–æ–ª–µ—É–º,2.8 –º,—Å–∏–≥–Ω–∞–ª–∏–∑–∞—Ü–∏—è,,–æ—Ç–¥–µ–ª—å–Ω—ã–π,,–Ω–µ—Ç,,"–ü—Ä–æ–¥–∞–º –∫–≤–∞—Ä—Ç–∏—Ä—É 77 –∫–í. –ø–æ –æ—á–µ–Ω—å –ø—Ä–∏–µ–º–ª–µ–º–æ–π —Ü–µ–Ω–µ. –î–æ–º —Å—Ç–∞—Ä—ã–π, –Ω–æ –∫–∏—Ä–ø–∏—á–Ω—ã–π –ª–µ—Ç–æ–º –ø—Ä–æ—Ö–ª–∞–¥–Ω–æ –∫–æ–Ω–¥–∏—Ü–∏–æ–Ω–µ—Ä –Ω–µ –Ω—É–∂–µ–Ω, –∑–∏–º–æ–π –æ—á–µ–Ω—å —Ç–µ–ø–ª–æ. –û—Ç–ª–∏—á–Ω–æ–µ —Ä–∞—Å–ø–æ–ª–æ–∂–µ–Ω–∏–µ, –¥–æ —Ü–µ–Ω—Ç—Ä–∞ –≥–æ—Ä–æ–¥–∞ 10 –º–∏–Ω—É—Ç, –¥–æ –±–∞—Ä–∞—Ö–æ–ª–∫–∏ 5 –º–∏–Ω—É—Ç üòÄ –ü–æ –º–µ–±–µ–ª–∏ –º–æ–∂–µ–º –¥–æ–≥–æ–≤–æ—Ä–∏—Ç—å—Å—è, —Ä–µ–º–æ–Ω—Ç —Ö–æ—Ä–æ—à–∏–π, –µ—Å–ª–∏ –±–µ–∑ —Ñ–∞–Ω–∞—Ç–∏–∑–º–∞ –ª–µ—Ç 5 –º–æ–∂–Ω–æ –ø–æ–∂–∏—Ç—å üòâ –ñ–¥—É –≤–∞—à–∏—Ö –∑–≤–æ–Ω–∫–æ–≤. üôè"
664339915,1,https://krisha.kz/a/show/664339915,almaty-zhetysuskij,4,"4-–∫–æ–º–Ω–∞—Ç–Ω–∞—è –∫–≤–∞—Ä—Ç–∏—Ä–∞, 82.8 –º¬≤, 4/5 —ç—Ç–∞–∂",36900000,"–ñ–µ—Ç—ã—Å—É—Å–∫–∏–π —Ä-–Ω, –º–∫—Ä –ê–π–Ω–∞–±—É–ª–∞–∫-4 192","–ø–∞–Ω–µ–ª—å–Ω—ã–π –¥–æ–º, 1989 –≥.–ø., —Å–æ—Å—Ç–æ—è–Ω–∏–µ: —Ö–æ—Ä–æ—à–µ–µ, —Å–∞–Ω—É–∑–µ–ª —Ä–∞–∑–¥–µ–ª—å–Ω—ã–π, —Ç–µ–ª–µ—Ñ–æ–Ω: –µ—Å—Ç—å –≤–æ–∑–º–æ–∂–Ω–æ—Å—Ç—å –ø–æ–¥–∫–ª—é—á–µ–Ω–∏—è, –∏–Ω—Ç–µ—Ä–Ω–µ—Ç —á–µ—Ä–µ–∑ TV –∫–∞–±–µ–ª—å, –ø–æ–ª–Ω–æ—Å—Ç—å—é –º–µ–±–ª–∏—Ä–æ–≤–∞–Ω–∞, –£—é—Ç–Ω–∞—è, —Å–≤–µ—Ç–ª–∞—è, —Ç—ë–ø–ª–∞—è –∫–≤–∞—Ä—Ç–∏—Ä–∞ –≤ —Ç–∏—Ö–æ–º –¥–≤–æ—Ä–µ. —É–≥–ª–æ–≤–∞—è, –Ω–æ —Å–Ω–∞—Ä—É–∂–∏ –ø–æ–ª–Ω–æ—Å—Ç—å—é –æ–±—à–∏—Ç–∞—è –∏ —É—Ç–µ–ø–ª—ë–Ω–Ω–∞—è. —Ä—è–¥–æ–º —à–∫–æ–ª–∞, —Å–∞–¥–∏–∫, –±–∞–∑–∞—Ä, –º–∞–≥–Ω—É–º, –ø–æ–ª–∏–∫‚Ä¶",–•–æ–∑—è–∏–Ω –Ω–µ–¥–≤–∏–∂–∏–º–æ—Å—Ç–∏,–ê–ª–º–∞—Ç—ã,5 –º–∞—Ä.,1,0,0,0,0,0,07-03-2021 08:27:26,"–ø–∞–Ω–µ–ª—å–Ω—ã–π, 1989 –≥.–ø.",4 –∏–∑ 5,"82.8 –º¬≤, –∫—É—Ö–Ω—è ‚Äî 10.3 –º¬≤",—Ö–æ—Ä–æ—à–µ–µ,—Ä–∞–∑–¥–µ–ª—å–Ω—ã–π,–±–∞–ª–∫–æ–Ω,–¥–∞,,–º–µ—Ç–∞–ª–ª–∏—á–µ—Å–∫–∞—è,—á–µ—Ä–µ–∑ TV –∫–∞–±–µ–ª—å,–ø–æ–ª–Ω–æ—Å—Ç—å—é –º–µ–±–ª–∏—Ä–æ–≤–∞–Ω–∞,–ª–∞–º–∏–Ω–∞—Ç,,–¥–æ–º–æ—Ñ–æ–Ω,,–µ—Å—Ç—å –≤–æ–∑–º–æ–∂–Ω–æ—Å—Ç—å –ø–æ–¥–∫–ª—é—á–µ–Ω–∏—è,,–Ω–µ—Ç,"–ü–ª–∞—Å—Ç–∏–∫–æ–≤—ã–µ –æ–∫–Ω–∞, —Ç–∏—Ö–∏–π –¥–≤–æ—Ä, —É–ª—É—á—à–µ–Ω–Ω–∞—è, –∫–æ–º–Ω–∞—Ç—ã –∏–∑–æ–ª–∏—Ä–æ–≤–∞–Ω—ã, –≤—Å—Ç—Ä–æ–µ–Ω–Ω–∞—è –∫—É—Ö–Ω—è, –Ω–æ–≤–∞—è —Å–∞–Ω—Ç–µ—Ö–Ω–∏–∫–∞, –∫–ª–∞–¥–æ–≤–∫–∞, —Å—á—ë—Ç—á–∏–∫–∏.","–£—é—Ç–Ω–∞—è, —Å–≤–µ—Ç–ª–∞—è, —Ç—ë–ø–ª–∞—è –∫–≤–∞—Ä—Ç–∏—Ä–∞ –≤ —Ç–∏—Ö–æ–º –¥–≤–æ—Ä–µ. —É–≥–ª–æ–≤–∞—è, –Ω–æ —Å–Ω–∞—Ä—É–∂–∏ –ø–æ–ª–Ω–æ—Å—Ç—å—é –æ–±—à–∏—Ç–∞—è –∏ —É—Ç–µ–ø–ª—ë–Ω–Ω–∞—è. —Ä—è–¥–æ–º —à–∫–æ–ª–∞, —Å–∞–¥–∏–∫, –±–∞–∑–∞—Ä, –º–∞–≥–Ω—É–º, –ø–æ–ª–∏–∫–ª–∏–Ω–∏–∫–∞ -11., –≤—Å–µ –≤ —à–∞–≥–æ–≤–æ–π –¥–æ—Å—Ç—É–ø–Ω–æ—Å—Ç–∏. –∞–≤—Ç–æ–±—É—Å—ã –≤–æ –≤—Å–µ –Ω–∞–ø—Ä–∞–≤–ª–µ–Ω–∏—è –≥–æ—Ä–æ–¥–∞. –¥–æ–±—Ä–æ–∂–µ–ª–∞—Ç–µ–ª—å–Ω—ã–µ —Å–æ—Å–µ–¥–∏, —Å –≥–æ–¥–∞ –ø–æ—Å—Ç—Ä–æ–π–∫–∏ –∂–∏–ª–∞ –æ–¥–Ω–∞ —Å–µ–º—å—è. –∫–≤–∞—Ä—Ç–∏—Ä–∞ —Å —Ö–æ—Ä–æ—à–µ–π –∞—É—Ä–æ–π –∑–∞–µ–∑–∂–∞–π—Ç–µ –∏ –∂–∏–≤–∏—Ç–µ. –º–µ–±–µ–ª—å –ø–æ–ª–Ω–æ—Å—Ç—å—é –æ—Å—Ç–∞—ë—Ç—Å—è, —Å–≤–µ–∂–∏–π —Ä–µ–º–æ–Ω—Ç. –¢–æ—Ä–≥ —É–º–µ—Å—Ç–µ–Ω!"
660414227,1,https://krisha.kz/a/show/660414227,almaty-zhetysuskij,4,"4-–∫–æ–º–Ω–∞—Ç–Ω–∞—è –∫–≤–∞—Ä—Ç–∏—Ä–∞, 77 –º¬≤, 2/5 —ç—Ç–∞–∂",30000000,"–ñ–µ—Ç—ã—Å—É—Å–∫–∏–π —Ä-–Ω, –º–∫—Ä –ö—É–ª–∞–≥–µ—Ä, –ú–∫—Ä –ö—É–ª–∞–≥–µ—Ä","–∫–∏—Ä–ø–∏—á–Ω—ã–π –¥–æ–º, 1989 –≥.–ø., —Å–æ—Å—Ç–æ—è–Ω–∏–µ: —Ö–æ—Ä–æ—à–µ–µ, –∂–∏–ª. –ø–ª–æ—â–∞–¥—å 51 –∫–≤.–º., –∫—É—Ö–Ω—è 9 –∫–≤.–º., —Å–∞–Ω—É–∑–µ–ª —Ä–∞–∑–¥–µ–ª—å–Ω—ã–π, —Ç–µ–ª–µ—Ñ–æ–Ω: –æ—Ç–¥–µ–ª—å–Ω—ã–π",–°–ø–µ—Ü–∏–∞–ª–∏—Å—Ç,–ê–ª–º–∞—Ç—ã,5 –º–∞—Ä.,0,0,0,0,0,0,07-03-2021 08:27:26,"–∫–∏—Ä–ø–∏—á–Ω—ã–π, 1989 –≥.–ø.",2 –∏–∑ 5,"77 –º¬≤, –∂–∏–ª–∞—è ‚Äî 51 –º¬≤, –∫—É—Ö–Ω—è ‚Äî 9 –º¬≤",—Ö–æ—Ä–æ—à–µ–µ,—Ä–∞–∑–¥–µ–ª—å–Ω—ã–π,–Ω–µ—Å–∫–æ–ª—å–∫–æ –±–∞–ª–∫–æ–Ω–æ–≤ –∏–ª–∏ –ª–æ–¥–∂–∏–π,–¥–∞,,–º–µ—Ç–∞–ª–ª–∏—á–µ—Å–∫–∞—è,,,–ª–∏–Ω–æ–ª–µ—É–º,,–¥–æ–º–æ—Ñ–æ–Ω,,–æ—Ç–¥–µ–ª—å–Ω—ã–π,,–Ω–µ—Ç,"–ü–ª–∞—Å—Ç–∏–∫–æ–≤—ã–µ –æ–∫–Ω–∞, –Ω–µ—É–≥–ª–æ–≤–∞—è, —É–ª—É—á—à–µ–Ω–Ω–∞—è, –∫–æ–º–Ω–∞—Ç—ã –∏–∑–æ–ª–∏—Ä–æ–≤–∞–Ω—ã, —Å—á—ë—Ç—á–∏–∫–∏, —Ç–∏—Ö–∏–π –¥–≤–æ—Ä.",
665593389,1,https://krisha.kz/a/show/665593389,almaty-zhetysuskij,4,"4-–∫–æ–º–Ω–∞—Ç–Ω–∞—è –∫–≤–∞—Ä—Ç–∏—Ä–∞, 84 –º¬≤, 3/5 —ç—Ç–∞–∂",41000000,"–ñ–µ—Ç—ã—Å—É—Å–∫–∏–π —Ä-–Ω, –º–∫—Ä –ê–π–Ω–∞–±—É–ª–∞–∫-4","–ø–∞–Ω–µ–ª—å–Ω—ã–π –¥–æ–º, 1987 –≥.–ø., —Å–æ—Å—Ç–æ—è–Ω–∏–µ: —Ö–æ—Ä–æ—à–µ–µ, –∂–∏–ª. –ø–ª–æ—â–∞–¥—å 56 –∫–≤.–º., –∫—É—Ö–Ω—è 12 –∫–≤.–º., —Å–∞–Ω—É–∑–µ–ª —Ä–∞–∑–¥–µ–ª—å–Ω—ã–π, —Ç–µ–ª–µ—Ñ–æ–Ω: –æ—Ç–¥–µ–ª—å–Ω—ã–π, –∏–Ω—Ç–µ—Ä–Ω–µ—Ç ADSL, —á–∞—Å—Ç–∏—á–Ω–æ –º–µ–±–ª–∏—Ä–æ–≤–∞–Ω–∞, –£–¥–æ–±–Ω–æ–µ –º–µ—Å—Ç–æ —Ä–∞—Å–ø–æ–ª–æ–∂–µ–Ω–∏—è, —Ä–∞–∑–≤–∏—Ç–∞ –∏–Ω—Ñ—Ä–∞—Å—Ç—Ä—É–∫—Ç—É—Ä–∞. –†—è–¥–æ–º —à–∫–æ–ª—ã –¥–µ—Ç—Å–∞–¥—ã –Ω–µ—É–≥–ª–∞–≤–∞—è, –Ω–µ –∑–∞–ª–æ–≥–æ–≤–∞—è. –î–æ–∫—É–º–µ–Ω—Ç—ã –≤ –ø–æ—Ä—è–¥–∫–µ –ò–ü–û–¢–ï–ö‚Ä¶",–°–ø–µ—Ü–∏–∞–ª–∏—Å—Ç,–ê–ª–º–∞—Ç—ã,5 –º–∞—Ä.,0,0,0,0,0,0,07-03-2021 08:27:27,"–ø–∞–Ω–µ–ª—å–Ω—ã–π, 1987 –≥.–ø.",3 –∏–∑ 5,"84 –º¬≤, –∂–∏–ª–∞—è ‚Äî 56 –º¬≤, –∫—É—Ö–Ω—è ‚Äî 12 –º¬≤",—Ö–æ—Ä–æ—à–µ–µ,—Ä–∞–∑–¥–µ–ª—å–Ω—ã–π,–Ω–µ—Å–∫–æ–ª—å–∫–æ –±–∞–ª–∫–æ–Ω–æ–≤ –∏–ª–∏ –ª–æ–¥–∂–∏–π,–¥–∞,,–º–µ—Ç–∞–ª–ª–∏—á–µ—Å–∫–∞—è,ADSL,—á–∞—Å—Ç–∏—á–Ω–æ –º–µ–±–ª–∏—Ä–æ–≤–∞–Ω–∞,–ª–∏–Ω–æ–ª–µ—É–º,,"–¥–æ–º–æ—Ñ–æ–Ω, –≤–∏–¥–µ–æ–Ω–∞–±–ª—é–¥–µ–Ω–∏–µ",,–æ—Ç–¥–µ–ª—å–Ω—ã–π,—Ä—è–¥–æ–º –æ—Ö—Ä–∞–Ω—è–µ–º–∞—è —Å—Ç–æ—è–Ω–∫–∞,–Ω–µ—Ç,"–ü–ª–∞—Å—Ç–∏–∫–æ–≤—ã–µ –æ–∫–Ω–∞, –Ω–µ—É–≥–ª–æ–≤–∞—è, —É–ª—É—á—à–µ–Ω–Ω–∞—è, –∫–æ–º–Ω–∞—Ç—ã –∏–∑–æ–ª–∏—Ä–æ–≤–∞–Ω—ã, –≤—Å—Ç—Ä–æ–µ–Ω–Ω–∞—è –∫—É—Ö–Ω—è, –Ω–æ–≤–∞—è —Å–∞–Ω—Ç–µ—Ö–Ω–∏–∫–∞, –∫–ª–∞–¥–æ–≤–∫–∞, —Å—á—ë—Ç—á–∏–∫–∏, —Ç–∏—Ö–∏–π –¥–≤–æ—Ä.","–£–¥–æ–±–Ω–æ–µ –º–µ—Å—Ç–æ —Ä–∞—Å–ø–æ–ª–æ–∂–µ–Ω–∏—è, —Ä–∞–∑–≤–∏—Ç–∞ –∏–Ω—Ñ—Ä–∞—Å—Ç—Ä—É–∫—Ç—É—Ä–∞. –†—è–¥–æ–º —à–∫–æ–ª—ã –¥–µ—Ç—Å–∞–¥—ã –Ω–µ—É–≥–ª–∞–≤–∞—è, –Ω–µ –∑–∞–ª–æ–≥–æ–≤–∞—è. –î–æ–∫—É–º–µ–Ω—Ç—ã –≤ –ø–æ—Ä—è–¥–∫–µ –ò–ü–û–¢–ï–ö–£ –†–ê–°–°–ú–ê–¢–†–ò–í–ê–ï–ú!"
665285775,1,https://krisha.kz/a/show/665285775,almaty-zhetysuskij,4,"4-–∫–æ–º–Ω–∞—Ç–Ω–∞—è –∫–≤–∞—Ä—Ç–∏—Ä–∞, 87 –º¬≤, 4/5 —ç—Ç–∞–∂",40000000,"–ñ–µ—Ç—ã—Å—É—Å–∫–∏–π —Ä-–Ω, –º–∫—Ä –ê–π–Ω–∞–±—É–ª–∞–∫-3 118","–ø–∞–Ω–µ–ª—å–Ω—ã–π –¥–æ–º, 1985 –≥.–ø., —Å–æ—Å—Ç–æ—è–Ω–∏–µ: —Ö–æ—Ä–æ—à–µ–µ, —Å–∞–Ω—É–∑–µ–ª —Ä–∞–∑–¥–µ–ª—å–Ω—ã–π, –∏–Ω—Ç–µ—Ä–Ω–µ—Ç ADSL, —á–∞—Å—Ç–∏—á–Ω–æ –º–µ–±–ª–∏—Ä–æ–≤–∞–Ω–∞",–°–ø–µ—Ü–∏–∞–ª–∏—Å—Ç,–ê–ª–º–∞—Ç—ã,5 –º–∞—Ä.,0,0,0,0,0,0,07-03-2021 08:27:28,"–ø–∞–Ω–µ–ª—å–Ω—ã–π, 1985 –≥.–ø.",4 –∏–∑ 5,"87 –º¬≤, –∫—É—Ö–Ω—è ‚Äî 10 –º¬≤",—Ö–æ—Ä–æ—à–µ–µ,—Ä–∞–∑–¥–µ–ª—å–Ω—ã–π,–±–∞–ª–∫–æ–Ω –∏ –ª–æ–¥–∂–∏—è,–¥–∞,,–º–µ—Ç–∞–ª–ª–∏—á–µ—Å–∫–∞—è,ADSL,—á–∞—Å—Ç–∏—á–Ω–æ –º–µ–±–ª–∏—Ä–æ–≤–∞–Ω–∞,–ª–∞–º–∏–Ω–∞—Ç,,"–¥–æ–º–æ—Ñ–æ–Ω, –≤–∏–¥–µ–æ–Ω–∞–±–ª—é–¥–µ–Ω–∏–µ",,,—Ä—è–¥–æ–º –æ—Ö—Ä–∞–Ω—è–µ–º–∞—è —Å—Ç–æ—è–Ω–∫–∞,–Ω–µ—Ç,"–ü–ª–∞—Å—Ç–∏–∫–æ–≤—ã–µ –æ–∫–Ω–∞, –Ω–µ—É–≥–ª–æ–≤–∞—è, —É–ª—É—á—à–µ–Ω–Ω–∞—è, –∫–æ–º–Ω–∞—Ç—ã –∏–∑–æ–ª–∏—Ä–æ–≤–∞–Ω—ã, –≤—Å—Ç—Ä–æ–µ–Ω–Ω–∞—è –∫—É—Ö–Ω—è, –∫–ª–∞–¥–æ–≤–∫–∞, —Å—á—ë—Ç—á–∏–∫–∏, —Ç–∏—Ö–∏–π –¥–≤–æ—Ä.",
661493310,1,https://krisha.kz/a/show/661493310,almaty-zhetysuskij,4,"4-–∫–æ–º–Ω–∞—Ç–Ω–∞—è –∫–≤–∞—Ä—Ç–∏—Ä–∞, 86 –º¬≤, 1/5 —ç—Ç–∞–∂",24000000,"–ñ–µ—Ç—ã—Å—É—Å–∫–∏–π —Ä-–Ω, –º–∫—Ä –ö–µ–º–µ–ª (–ü–µ—Ä–≤–æ–º–∞–π—Å–∫–æ–µ) 5","–ø–∞–Ω–µ–ª—å–Ω—ã–π –¥–æ–º, 1992 –≥.–ø., —Å–æ—Å—Ç–æ—è–Ω–∏–µ: —Ö–æ—Ä–æ—à–µ–µ, –ø–æ—Ç–æ–ª–∫–∏ 2.7–º., —Å–∞–Ω—É–∑–µ–ª —Ä–∞–∑–¥–µ–ª—å–Ω—ã–π, —Ç–µ–ª–µ—Ñ–æ–Ω: –µ—Å—Ç—å –≤–æ–∑–º–æ–∂–Ω–æ—Å—Ç—å –ø–æ–¥–∫–ª—é—á–µ–Ω–∏—è, –∏–Ω—Ç–µ—Ä–Ω–µ—Ç –ø—Ä–æ–≤–æ–¥–Ω–æ–π, –ø—É—Å—Ç–∞—è, –°—Ä–æ—á–Ω–æ –ø—Ä–æ–¥–∞—ë—Ç—Å—è 4-—Ö –∫–æ–º–Ω–∞—Ç–Ω–∞—è —Ç—ë–ø–ª–∞—è —É—é—Ç–Ω–∞ –∫–≤–∞—Ä—Ç–∏—Ä–∞! –†—è–¥–æ–º –ú–∞–≥–Ω—É–º, —à–∫–æ–ª—ã, –¥–µ—Ç—Å–∫–∏–µ —Å–∞–¥—ã, —Ñ–∏—Ç–Ω–µ—Å —Ü–µ–Ω—Ç—Ä, —Ç–æ—Ä–≥–æ–≤—ã–π –≥–æ—Ä–æ–¥–æ–∫, –∞–≤—Ç–æ–±—É—Å–Ω–∞—è –æ—Å—Ç–∞–Ω–æ–≤–∫–∞. –î–≤–æ—Ä —Ç–∏—Ö‚Ä¶",–•–æ–∑—è–∏–Ω –Ω–µ–¥–≤–∏–∂–∏–º–æ—Å—Ç–∏,–ê–ª–º–∞—Ç—ã,5 –º–∞—Ä.,0,0,0,1,0,0,07-03-2021 08:27:29,"–ø–∞–Ω–µ–ª—å–Ω—ã–π, 1992 –≥.–ø.",1 –∏–∑ 5,"86 –º¬≤, –∫—É—Ö–Ω—è ‚Äî 11 –º¬≤",—Ö–æ—Ä–æ—à–µ–µ,—Ä–∞–∑–¥–µ–ª—å–Ω—ã–π,–±–∞–ª–∫–æ–Ω,–¥–∞,,–º–µ—Ç–∞–ª–ª–∏—á–µ—Å–∫–∞—è,–ø—Ä–æ–≤–æ–¥–Ω–æ–π,–ø—É—Å—Ç–∞—è,–ª–∞–º–∏–Ω–∞—Ç,2.7 –º,"—Ä–µ—à–µ—Ç–∫–∏ –Ω–∞ –æ–∫–Ω–∞—Ö, –¥–æ–º–æ—Ñ–æ–Ω",–í–æ–∑–º–æ–∂–µ–Ω –æ–±–º–µ–Ω,–µ—Å—Ç—å –≤–æ–∑–º–æ–∂–Ω–æ—Å—Ç—å –ø–æ–¥–∫–ª—é—á–µ–Ω–∏—è,–≥–∞—Ä–∞–∂,–Ω–µ—Ç,"–ü–ª–∞—Å—Ç–∏–∫–æ–≤—ã–µ –æ–∫–Ω–∞, —Ç–∏—Ö–∏–π –¥–≤–æ—Ä, –∫–æ–Ω–¥–∏—Ü–∏–æ–Ω–µ—Ä, —É–¥–æ–±–Ω–æ –ø–æ–¥ –∫–æ–º–º–µ—Ä—Ü–∏—é, —É–ª—É—á—à–µ–Ω–Ω–∞—è, –∫–æ–º–Ω–∞—Ç—ã –∏–∑–æ–ª–∏—Ä–æ–≤–∞–Ω—ã, —Å—á—ë—Ç—á–∏–∫–∏.","–°—Ä–æ—á–Ω–æ –ø—Ä–æ–¥–∞—ë—Ç—Å—è 4-—Ö –∫–æ–º–Ω–∞—Ç–Ω–∞—è —Ç—ë–ø–ª–∞—è —É—é—Ç–Ω–∞ –∫–≤–∞—Ä—Ç–∏—Ä–∞! –†—è–¥–æ–º –ú–∞–≥–Ω—É–º, —à–∫–æ–ª—ã, –¥–µ—Ç—Å–∫–∏–µ —Å–∞–¥—ã, —Ñ–∏—Ç–Ω–µ—Å —Ü–µ–Ω—Ç—Ä, —Ç–æ—Ä–≥–æ–≤—ã–π –≥–æ—Ä–æ–¥–æ–∫, –∞–≤—Ç–æ–±—É—Å–Ω–∞—è –æ—Å—Ç–∞–Ω–æ–≤–∫–∞. –î–≤–æ—Ä —Ç–∏—Ö–∏–π, –±–ª–∞–≥–æ—É—Å—Ç—Ä–æ–µ–Ω–Ω—ã–π, –ë–µ—Å–µ–¥–∫–∏, –¥–µ—Ç—Å–∫–∏–µ –ø–ª–æ—â–∞–¥–∫–∏ –Ω–æ–≤—ã–µ. –í–æ–∑–º–æ–∂–µ–Ω –æ–±–º–µ–Ω –Ω–∞ –∫–≤–∞—Ä—Ç–∏—Ä—É –º–µ–Ω—å—à–µ–π –∫–≤–∞–¥—Ä–∞—Ç—É—Ä—ã –≤ –ê–ª–º–∞—Ç—ã —Å –≤–∞—à–µ–π –¥–æ–ø–ª–∞—Ç–æ–π"
663509344,1,https://krisha.kz/a/show/663509344,almaty-zhetysuskij,4,"4-–∫–æ–º–Ω–∞—Ç–Ω–∞—è –∫–≤–∞—Ä—Ç–∏—Ä–∞, 83.8 –º¬≤, 3/5 —ç—Ç–∞–∂",26000000,"–ñ–µ—Ç—ã—Å—É—Å–∫–∏–π —Ä-–Ω, –º–∫—Ä –ö–µ–º–µ–ª (–ü–µ—Ä–≤–æ–º–∞–π—Å–∫–æ–µ) 5 ‚Äî –ö–∞–∑–∞–Ω–∞—Ç","–ø–∞–Ω–µ–ª—å–Ω—ã–π –¥–æ–º, 1992 –≥.–ø., —Å–æ—Å—Ç–æ—è–Ω–∏–µ: —Ö–æ—Ä–æ—à–µ–µ, –∂–∏–ª. –ø–ª–æ—â–∞–¥—å 46.6 –∫–≤.–º., –∫—É—Ö–Ω—è 11.6 –∫–≤.–º., –ø–æ—Ç–æ–ª–∫–∏ 2.5–º., —Å–∞–Ω—É–∑–µ–ª —Ä–∞–∑–¥–µ–ª—å–Ω—ã–π, —Ç–µ–ª–µ—Ñ–æ–Ω: –Ω–µ—Ç, –ø—É—Å—Ç–∞—è, –û—á–µ–Ω—å —Ö–æ—Ä–æ—à–µ–µ –ø—Ä–µ–¥–ª–æ–∂–µ–Ω–∏–µ! –ö–≤–∞—Ä—Ç–∏—Ä–∞ –≤ —Ö–æ—Ä–æ—à–µ–º —Å–æ—Å—Ç–æ—è–Ω–∏–∏, –Ω–µ –∞—Ä–µ–Ω–¥–Ω–∞—è, –ø–æ–ª–Ω–æ—Å—Ç—å—é –æ–±–Ω–æ–≤–ª–µ–Ω–∞ —ç–ª–µ–∫—Ç—Ä–∏–∫–∞ –∏ —Å—Ç–æ—è–∫–∏. –ë–æ–ª—å—à–∞—è –∫—É—Ö–Ω—è –∏ –±–æ–ª—å—à–æ–π –±–∞–ª–∫–æ–Ω, –æ–∫–Ω–∞ –ø–æ–º–µ–Ω—è‚Ä¶",–•–æ–∑—è–∏–Ω –Ω–µ–¥–≤–∏–∂–∏–º–æ—Å—Ç–∏,–ê–ª–º–∞—Ç—ã,5 –º–∞—Ä.,1,0,0,0,0,0,07-03-2021 08:27:30,"–ø–∞–Ω–µ–ª—å–Ω—ã–π, 1992 –≥.–ø.",3 –∏–∑ 5,"83.8 –º¬≤, –∂–∏–ª–∞—è ‚Äî 46.6 –º¬≤, –∫—É—Ö–Ω—è ‚Äî 11.6 –º¬≤",—Ö–æ—Ä–æ—à–µ–µ,—Ä–∞–∑–¥–µ–ª—å–Ω—ã–π,–±–∞–ª–∫–æ–Ω,–¥–∞,,–º–µ—Ç–∞–ª–ª–∏—á–µ—Å–∫–∞—è,,–ø—É—Å—Ç–∞—è,–ª–∏–Ω–æ–ª–µ—É–º,2.5 –º,–¥–æ–º–æ—Ñ–æ–Ω,,–Ω–µ—Ç,,–Ω–µ—Ç,"–ü–ª–∞—Å—Ç–∏–∫–æ–≤—ã–µ –æ–∫–Ω–∞, —É–ª—É—á—à–µ–Ω–Ω–∞—è, –∫–æ–º–Ω–∞—Ç—ã –∏–∑–æ–ª–∏—Ä–æ–≤–∞–Ω—ã, –Ω–æ–≤–∞—è —Å–∞–Ω—Ç–µ—Ö–Ω–∏–∫–∞, —Å—á—ë—Ç—á–∏–∫–∏, —Ç–∏—Ö–∏–π –¥–≤–æ—Ä.","–û—á–µ–Ω—å —Ö–æ—Ä–æ—à–µ–µ –ø—Ä–µ–¥–ª–æ–∂–µ–Ω–∏–µ! –ö–≤–∞—Ä—Ç–∏—Ä–∞ –≤ —Ö–æ—Ä–æ—à–µ–º —Å–æ—Å—Ç–æ—è–Ω–∏–∏, –Ω–µ –∞—Ä–µ–Ω–¥–Ω–∞—è, –ø–æ–ª–Ω–æ—Å—Ç—å—é –æ–±–Ω–æ–≤–ª–µ–Ω–∞ —ç–ª–µ–∫—Ç—Ä–∏–∫–∞ –∏ —Å—Ç–æ—è–∫–∏. –ë–æ–ª—å—à–∞—è –∫—É—Ö–Ω—è –∏ –±–æ–ª—å—à–æ–π –±–∞–ª–∫–æ–Ω, –æ–∫–Ω–∞ –ø–æ–º–µ–Ω—è–ª–∏ –ø—Ä–∏ –ø–æ–∫—É–ø–∫–µ –∫–≤–∞—Ä—Ç–∏—Ä—ã, —Ç–∞–∫–∂–µ –ø–æ—Å–ª–µ –ø–æ–∫—É–ø–∫–∏ –ø–æ–ª–Ω–æ—Å—Ç—å—é —Å –Ω–æ–ª—è —Å–¥–µ–ª–∞–ª–∏ —Ä–µ–º–æ–Ω—Ç. –î–≤–æ—Ä —Ç–∏—Ö–∏–π, —É—é—Ç–Ω—ã–π, —Ç—É–ø–∏–∫–æ–≤—ã–π, –≤—Å–µ —Å–æ—Å–µ–¥–∏ –ø—Ä–∏–≤–µ—Ç–ª–∏–≤—ã–µ –∏ –∑–Ω–∞—é—Ç –¥—Ä—É–≥ –¥—Ä—É–≥–∞. –û—Ç–ª–∏—á–Ω—ã–π –≤–∞—Ä–∏–∞–Ω—Ç –¥–ª—è —Å–µ–º—å–∏ —Å –¥–µ—Ç—å–º–∏, —Ä—è–¥–æ–º —à–∫–æ–ª–∞ –∏ –≥–æ—Å. –¥–µ—Ç—Å–∫–∏–π —Å–∞–¥."
662113091,1,https://krisha.kz/a/show/662113091,almaty-zhetysuskij,4,"4-–∫–æ–º–Ω–∞—Ç–Ω–∞—è –∫–≤–∞—Ä—Ç–∏—Ä–∞, 100 –º¬≤, 4/5 —ç—Ç–∞–∂",44000000,"–ñ–µ—Ç—ã—Å—É—Å–∫–∏–π —Ä-–Ω, –º–∫—Ä –ê–π–Ω–∞–±—É–ª–∞–∫-3 147","–º–æ–Ω–æ–ª–∏—Ç–Ω—ã–π –¥–æ–º, 1997 –≥.–ø., —Å–æ—Å—Ç–æ—è–Ω–∏–µ: —Ö–æ—Ä–æ—à–µ–µ, –∂–∏–ª. –ø–ª–æ—â–∞–¥—å 100 –∫–≤.–º., —Å–∞–Ω—É–∑–µ–ª —Ä–∞–∑–¥–µ–ª—å–Ω—ã–π, —Ç–µ–ª–µ—Ñ–æ–Ω: –æ—Ç–¥–µ–ª—å–Ω—ã–π, –∏–Ω—Ç–µ—Ä–Ω–µ—Ç –ø—Ä–æ–≤–æ–¥–Ω–æ–π, —á–∞—Å—Ç–∏—á–Ω–æ –º–µ–±–ª–∏—Ä–æ–≤–∞–Ω–∞, 2-–ª–æ–¥–∂–∏–π 2-–±–∞–ª–∫–æ–Ω–∞",–•–æ–∑—è–∏–Ω –Ω–µ–¥–≤–∏–∂–∏–º–æ—Å—Ç–∏,–ê–ª–º–∞—Ç—ã,4 –º–∞—Ä.,0,0,0,0,0,0,07-03-2021 08:27:31,"–º–æ–Ω–æ–ª–∏—Ç–Ω—ã–π, 1997 –≥.–ø.",4 –∏–∑ 5,"100 –º¬≤, –∂–∏–ª–∞—è ‚Äî 100 –º¬≤",—Ö–æ—Ä–æ—à–µ–µ,—Ä–∞–∑–¥–µ–ª—å–Ω—ã–π,–Ω–µ—Å–∫–æ–ª—å–∫–æ –±–∞–ª–∫–æ–Ω–æ–≤ –∏–ª–∏ –ª–æ–¥–∂–∏–π,–¥–∞,,–¥–µ—Ä–µ–≤—è–Ω–Ω–∞—è,–ø—Ä–æ–≤–æ–¥–Ω–æ–π,—á–∞—Å—Ç–∏—á–Ω–æ –º–µ–±–ª–∏—Ä–æ–≤–∞–Ω–∞,,,–¥–æ–º–æ—Ñ–æ–Ω,,–æ—Ç–¥–µ–ª—å–Ω—ã–π,–ø–∞—Ä–∫–∏–Ω–≥,–Ω–µ—Ç,"–ü–ª–∞—Å—Ç–∏–∫–æ–≤—ã–µ –æ–∫–Ω–∞, –Ω–µ—É–≥–ª–æ–≤–∞—è, —É–ª—É—á—à–µ–Ω–Ω–∞—è, –∫–ª–∞–¥–æ–≤–∫–∞, —Å—á—ë—Ç—á–∏–∫–∏, —Ç–∏—Ö–∏–π –¥–≤–æ—Ä, –∫–æ–Ω–¥–∏—Ü–∏–æ–Ω–µ—Ä.",2-–ª–æ–¥–∂–∏–π 2-–±–∞–ª–∫–æ–Ω–∞
663084709,2,https://krisha.kz/a/show/663084709,almaty-zhetysuskij,4,"4-–∫–æ–º–Ω–∞—Ç–Ω–∞—è –∫–≤–∞—Ä—Ç–∏—Ä–∞, 83.9 –º¬≤, 2/5 —ç—Ç–∞–∂",30500000,"–ñ–µ—Ç—ã—Å—É—Å–∫–∏–π —Ä-–Ω, —É–ª–∏—Ü–∞ –ì–µ–æ–ª–æ–≥–æ–≤","–ø–∞–Ω–µ–ª—å–Ω—ã–π –¥–æ–º, 1989 –≥.–ø., —Å–æ—Å—Ç–æ—è–Ω–∏–µ: —Ö–æ—Ä–æ—à–µ–µ, –∂–∏–ª. –ø–ª–æ—â–∞–¥—å 53.7 –∫–≤.–º., –∫—É—Ö–Ω—è 11 –∫–≤.–º., –ø–æ—Ç–æ–ª–∫–∏ 2.5–º., —Å–∞–Ω—É–∑–µ–ª —Ä–∞–∑–¥–µ–ª—å–Ω—ã–π, —Ç–µ–ª–µ—Ñ–æ–Ω: –æ—Ç–¥–µ–ª—å–Ω—ã–π, –∏–Ω—Ç–µ—Ä–Ω–µ—Ç –æ–ø—Ç–∏–∫–∞, —á–∞—Å—Ç–∏—á–Ω–æ –º–µ–±–ª–∏—Ä–æ–≤–∞–Ω–∞, –ü—Ä–æ–¥–∞–µ—Ç—Å—è 4—Ö –∫–æ–º–Ω–∞—Ç–Ω–∞—è –∫–≤–∞—Ä—Ç–∏—Ä–∞. –ò–º–µ–µ—Ç—Å—è –∫–ª–∞–¥–æ–≤–∫–∞, –¥–≤–∞ –æ—Å—Ç–µ–∫–ª–µ–Ω–Ω—ã—Ö –±–∞–ª–∫–æ–Ω–∞, –æ–±–∞ –±–∞–ª–∫–æ–Ω–∞ —É—Ç–µ–ø–ª—ë–Ω–Ω—ã–µ, —Å–∏–≥–Ω–∞–ª–∏–∑–∞—Ü–∏—è‚Ä¶",–•–æ–∑—è–∏–Ω –Ω–µ–¥–≤–∏–∂–∏–º–æ—Å—Ç–∏,–ê–ª–º–∞—Ç—ã,4 –º–∞—Ä.,0,0,0,0,0,0,07-03-2021 08:27:34,"–ø–∞–Ω–µ–ª—å–Ω—ã–π, 1989 –≥.–ø.",2 –∏–∑ 5,"83.9 –º¬≤, –∂–∏–ª–∞—è ‚Äî 53.7 –º¬≤, –∫—É—Ö–Ω—è ‚Äî 11 –º¬≤",—Ö–æ—Ä–æ—à–µ–µ,—Ä–∞–∑–¥–µ–ª—å–Ω—ã–π,–Ω–µ—Å–∫–æ–ª—å–∫–æ –±–∞–ª–∫–æ–Ω–æ–≤ –∏–ª–∏ –ª–æ–¥–∂–∏–π,–¥–∞,,–±—Ä–æ–Ω–∏—Ä–æ–≤–∞–Ω–Ω–∞—è,–æ–ø—Ç–∏–∫–∞,—á–∞—Å—Ç–∏—á–Ω–æ –º–µ–±–ª–∏—Ä–æ–≤–∞–Ω–∞,,2.5 –º,"–¥–æ–º–æ—Ñ–æ–Ω, —Å–∏–≥–Ω–∞–ª–∏–∑–∞—Ü–∏—è",,–æ—Ç–¥–µ–ª—å–Ω—ã–π,—Ä—è–¥–æ–º –æ—Ö—Ä–∞–Ω—è–µ–º–∞—è —Å—Ç–æ—è–Ω–∫–∞,–Ω–µ—Ç,"–ü–ª–∞—Å—Ç–∏–∫–æ–≤—ã–µ –æ–∫–Ω–∞, —É–ª—É—á—à–µ–Ω–Ω–∞—è, –∫–æ–º–Ω–∞—Ç—ã –∏–∑–æ–ª–∏—Ä–æ–≤–∞–Ω—ã, –≤—Å—Ç—Ä–æ–µ–Ω–Ω–∞—è –∫—É—Ö–Ω—è, –Ω–æ–≤–∞—è —Å–∞–Ω—Ç–µ—Ö–Ω–∏–∫–∞, –∫–ª–∞–¥–æ–≤–∫–∞, —Å—á—ë—Ç—á–∏–∫–∏, –∫–æ–Ω–¥–∏—Ü–∏–æ–Ω–µ—Ä, —Ç–∏—Ö–∏–π –¥–≤–æ—Ä.","–ü—Ä–æ–¥–∞–µ—Ç—Å—è 4—Ö –∫–æ–º–Ω–∞—Ç–Ω–∞—è –∫–≤–∞—Ä—Ç–∏—Ä–∞. –ò–º–µ–µ—Ç—Å—è –∫–ª–∞–¥–æ–≤–∫–∞, –¥–≤–∞ –æ—Å—Ç–µ–∫–ª–µ–Ω–Ω—ã—Ö –±–∞–ª–∫–æ–Ω–∞, –æ–±–∞ –±–∞–ª–∫–æ–Ω–∞ —É—Ç–µ–ø–ª—ë–Ω–Ω—ã–µ, —Å–∏–≥–Ω–∞–ª–∏–∑–∞—Ü–∏—è. –≤ –≤–∞–Ω–Ω–æ–π –∫–æ–º–Ω–∞—Ç–µ —Ç–µ–ø–ª—ã–µ –ø–æ–ª—ã (–≤–æ–¥—è–Ω—ã–µ). —Ö–æ—Ä–æ—à–∏–µ –¥—Ä—É–∂–µ–ª—é–±–Ω—ã–µ —Å–æ—Å–µ–¥–∏. —à–∫–æ–ª—ã, –¥–µ—Ç—Å–∫–∏–µ —Å–∞–¥—ã, –ø–æ–ª–∏–∫–ª–∏–Ω–∏–∫–∞, –º–∞–≥–∞–∑–∏–Ω—ã –≤ —à–∞–≥–æ–≤–æ–π –¥–æ—Å—Ç—É–ø–Ω–æ—Å—Ç–∏"
664861402,2,https://krisha.kz/a/show/664861402,almaty-zhetysuskij,4,"4-–∫–æ–º–Ω–∞—Ç–Ω–∞—è –∫–≤–∞—Ä—Ç–∏—Ä–∞, 77 –º¬≤, 2/2 —ç—Ç–∞–∂",15500000,"–ñ–µ—Ç—ã—Å—É—Å–∫–∏–π —Ä-–Ω, –ë–æ–∫–µ–π—Ö–∞–Ω–æ–≤–∞ 13","–∫–∏—Ä–ø–∏—á–Ω—ã–π –¥–æ–º, 1953 –≥.–ø., –∂–∏–ª. –ø–ª–æ—â–∞–¥—å 58 –∫–≤.–º., –∫—É—Ö–Ω—è 6 –∫–≤.–º., –ö–æ–¥ –æ–±—ä–µ–∫—Ç–∞ - 5321563 –£–≤–∞–∂–∞–µ–º—ã–µ –∂–∏—Ç–µ–ª–∏ –∏ –≥–æ—Å—Ç–∏ –≥. –ê–ª–º–∞—Ç—ã, –º–µ–∂–¥—É–Ω–∞—Ä–æ–¥–Ω–æ–µ –∞–≥–µ–Ω—Ç—Å—Ç–≤–æ –Ω–µ–¥–≤–∏–∂–∏–º–æ—Å—Ç–∏ ¬´–≠—Ç–∞–∂–∏¬ª –ø—Ä–µ–¥—Å—Ç–∞–≤–ª—è–µ—Ç –í–∞—à–µ–º—É –≤–Ω–∏–º–∞–Ω–∏—é: 4-—Ö –∫–æ–º–Ω–∞—Ç–Ω—É—é –∫–≤–∞—Ä—Ç–∏—Ä—É –≤ –ñ–µ—Ç—ã—Å—É—Å–∫–æ–º —Ä–∞–π–æ–Ω–µ. –ö–≤–∞—Ä—Ç–∏—Ä–∞ –ø—Ä–æ—Å—Ç–æ—Ä–Ω–∞—è, —á–∏—Å—Ç–∞—è, —Å–≤–µ—Ç–ª–∞—è –∏ —É—é—Ç–Ω–∞—è. –ö—É—Ö–Ω—è —Å–æ –≤‚Ä¶",–°–ø–µ—Ü–∏–∞–ª–∏—Å—Ç,–ê–ª–º–∞—Ç—ã,4 –º–∞—Ä.,0,0,0,0,0,0,07-03-2021 08:27:35,"–∫–∏—Ä–ø–∏—á–Ω—ã–π, 1953 –≥.–ø.",2 –∏–∑ 2,"77 –º¬≤, –∂–∏–ª–∞—è ‚Äî 58 –º¬≤, –∫—É—Ö–Ω—è ‚Äî 6 –º¬≤",,,,,,,,,,,,,,,–Ω–µ—Ç,,"–ö–æ–¥ –æ–±—ä–µ–∫—Ç–∞ - 5321563 
–£–≤–∞–∂–∞–µ–º—ã–µ –∂–∏—Ç–µ–ª–∏ –∏ –≥–æ—Å—Ç–∏ –≥. –ê–ª–º–∞—Ç—ã, –º–µ–∂–¥—É–Ω–∞—Ä–æ–¥–Ω–æ–µ –∞–≥–µ–Ω—Ç—Å—Ç–≤–æ –Ω–µ–¥–≤–∏–∂–∏–º–æ—Å—Ç–∏ ¬´–≠—Ç–∞–∂–∏¬ª –ø—Ä–µ–¥—Å—Ç–∞–≤–ª—è–µ—Ç –í–∞—à–µ–º—É –≤–Ω–∏–º–∞–Ω–∏—é: 
4-—Ö –∫–æ–º–Ω–∞—Ç–Ω—É—é –∫–≤–∞—Ä—Ç–∏—Ä—É –≤ –ñ–µ—Ç—ã—Å—É—Å–∫–æ–º —Ä–∞–π–æ–Ω–µ. –ö–≤–∞—Ä—Ç–∏—Ä–∞ –ø—Ä–æ—Å—Ç–æ—Ä–Ω–∞—è, —á–∏—Å—Ç–∞—è, —Å–≤–µ—Ç–ª–∞—è –∏ —É—é—Ç–Ω–∞—è. –ö—É—Ö–Ω—è —Å–æ –≤—Å—Ç—Ä–æ–µ–Ω–Ω–æ–π –º–µ–±–µ–ª—å—é. –£–¥–æ–±–Ω–∞—è –ø–ª–∞–Ω–∏—Ä–æ–≤–∫–∞, —Å–æ–≤—Ä–µ–º–µ–Ω–Ω—ã–π —Ä–µ–º–æ–Ω—Ç, —Ç–∏—Ö–∏–µ –∏ –¥—Ä—É–∂–µ–ª—é–±–Ω—ã–µ —Å–æ—Å–µ–¥–∏. –û—á–µ–Ω—å —Ä–∞–∑–≤–∏—Ç–∞—è –∏–Ω—Ñ—Ä–∞—Å—Ç—Ä—É–∫—Ç—É—Ä–∞. –í 10 –º–∏–Ω—É—Ç–∞—Ö –æ—Ç —Ü–µ–Ω—Ç—Ä–∞ –≥–æ—Ä–æ–¥–∞, –æ—Ç –±–∞—Ä–∞—Ö–æ–ª–∫–∏ –≤ 5 –º–∏–Ω—É—Ç–∞—Ö. –í —à–∞–≥–æ–≤–æ–π –¥–æ—Å—Ç—É–ø–Ω–æ—Å—Ç–∏ –º–Ω–æ–≥–æ –¥–æ—à–∫–æ–ª—å–Ω—ã—Ö —É—á—Ä–µ–∂–¥–µ–Ω–∏–π –∏ –æ–±—â–µ–æ–±—Ä–∞–∑–æ–≤–∞—Ç–µ–ª—å–Ω—ã—Ö —à–∫–æ–ª. –í–±–ª–∏–∑–∏ –¥–æ–º–∞ –Ω–∞—Ö–æ–¥—è—Ç—Å—è –º–∞–≥–∞–∑–∏–Ω—ã, —Å—É–ø–µ—Ä–º–∞—Ä–∫–µ—Ç—ã, –∞–ø—Ç–µ–∫–∏, —Å–∞–ª–æ–Ω—ã –∫—Ä–∞—Å–æ—Ç—ã. –•–æ—Ä–æ—à–∞—è —Ç—Ä–∞–Ω—Å–ø–æ—Ä—Ç–Ω–∞—è —Ä–∞–∑–≤—è–∑–∫–∞, –ø—Ä–æ–µ–∑–¥ –≤ –ª—é–±—É—é —á–∞—Å—Ç—å –≥–æ—Ä–æ–¥–∞, –Ω–µ–¥–∞–ª–µ–∫–æ –º–Ω–æ–≥–æ –æ—Å—Ç–∞–Ω–æ–≤–æ–∫ –æ–±—â–µ—Å—Ç–≤–µ–Ω–Ω–æ–≥–æ —Ç—Ä–∞–Ω—Å–ø–æ—Ä—Ç–∞. –ó–≤–æ–Ω–∏—Ç–µ, –º—ã –æ–∫–∞–∑—ã–≤–∞–µ–º –ø–æ–ª–Ω–æ–µ —Å–æ–ø—Ä–æ–≤–æ–∂–¥–µ–Ω–∏–µ —Å–¥–µ–ª–∫–∏. –ü—Ä–∏–æ–±—Ä–µ—Ç–∞—è —ç—Ç—É –∫–≤–∞—Ä—Ç–∏—Ä—É –æ—Ç –∫–æ–º–ø–∞–Ω–∏–∏ ""–≠—Ç–∞–∂–∏"" –í—ã –ø–æ–ª—É—á–∞–µ—Ç–µ: 1) –ø—Ä–æ—Ñ–µ—Å—Å–∏–æ–Ω–∞–ª—å–Ω–æ–µ —é—Ä–∏–¥–∏—á–µ—Å–∫–æ–µ —Å–æ–ø—Ä–æ–≤–æ–∂–¥–µ–Ω–∏–µ —Å–¥–µ–ª–∫–∏; 2) –ø–æ–¥–≥–æ—Ç–æ–≤–∫—É –ø–æ–ª–Ω–æ–≥–æ –ø–∞–∫–µ—Ç–∞ –¥–æ–∫—É–º–µ–Ω—Ç–æ–≤ —Å –æ–±–µ–∏—Ö —Å—Ç–æ—Ä–æ–Ω; 3) –±–µ–∑–æ–ø–∞—Å–Ω–æ—Å—Ç—å –∏ —É–¥–æ–±—Å—Ç–≤–æ. 
–ñ–¥–µ–º –≤–∞—à–∏—Ö –∑–≤–æ–Ω–∫–æ–≤!"
662493491,2,https://krisha.kz/a/show/662493491,almaty-zhetysuskij,4,"4-–∫–æ–º–Ω–∞—Ç–Ω–∞—è –∫–≤–∞—Ä—Ç–∏—Ä–∞, 85 –º¬≤, 2/5 —ç—Ç–∞–∂",40000000,"–ñ–µ—Ç—ã—Å—É—Å–∫–∏–π —Ä-–Ω, –º–∫—Ä –ê–π–Ω–∞–±—É–ª–∞–∫-3, –ú–∫—Ä –ê–π–Ω–∞–±—É–ª–∞–∫-3","–ø–∞–Ω–µ–ª—å–Ω—ã–π –¥–æ–º, 1985 –≥.–ø., —Å–æ—Å—Ç–æ—è–Ω–∏–µ: –µ–≤—Ä–æ—Ä–µ–º–æ–Ω—Ç, —Å–∞–Ω—É–∑–µ–ª —Ä–∞–∑–¥–µ–ª—å–Ω—ã–π, —Ç–µ–ª–µ—Ñ–æ–Ω: –æ—Ç–¥–µ–ª—å–Ω—ã–π, –∏–Ω—Ç–µ—Ä–Ω–µ—Ç —á–µ—Ä–µ–∑ TV –∫–∞–±–µ–ª—å, –°—Ä–æ—á–Ω–æ, —Ç–æ—Ä–≥",–°–ø–µ—Ü–∏–∞–ª–∏—Å—Ç,–ê–ª–º–∞—Ç—ã,4 –º–∞—Ä.,0,0,0,0,0,0,07-03-2021 08:27:36,"–ø–∞–Ω–µ–ª—å–Ω—ã–π, 1985 –≥.–ø.",2 –∏–∑ 5,"85 –º¬≤, –∫—É—Ö–Ω—è ‚Äî 10 –º¬≤",–µ–≤—Ä–æ—Ä–µ–º–æ–Ω—Ç,—Ä–∞–∑–¥–µ–ª—å–Ω—ã–π,–±–∞–ª–∫–æ–Ω,–¥–∞,,–º–µ—Ç–∞–ª–ª–∏—á–µ—Å–∫–∞—è,—á–µ—Ä–µ–∑ TV –∫–∞–±–µ–ª—å,,,,–¥–æ–º–æ—Ñ–æ–Ω,,–æ—Ç–¥–µ–ª—å–Ω—ã–π,,–Ω–µ—Ç,"–ü–ª–∞—Å—Ç–∏–∫–æ–≤—ã–µ –æ–∫–Ω–∞, –Ω–µ—É–≥–ª–æ–≤–∞—è, —É–ª—É—á—à–µ–Ω–Ω–∞—è, —Å—á—ë—Ç—á–∏–∫–∏, —Ç–∏—Ö–∏–π –¥–≤–æ—Ä.","–°—Ä–æ—á–Ω–æ, —Ç–æ—Ä–≥."
15273599,2,https://krisha.kz/a/show/15273599,almaty-zhetysuskij,4,"4-–∫–æ–º–Ω–∞—Ç–Ω–∞—è –∫–≤–∞—Ä—Ç–∏—Ä–∞, 83.4 –º¬≤, 1/5 —ç—Ç–∞–∂",28000000,"–ñ–µ—Ç—ã—Å—É—Å–∫–∏–π —Ä-–Ω, –º–∫—Ä –ö–µ–º–µ–ª (–ü–µ—Ä–≤–æ–º–∞–π—Å–∫–æ–µ) 8","–ø–∞–Ω–µ–ª—å–Ω—ã–π –¥–æ–º, 1989 –≥.–ø., —Å–æ—Å—Ç–æ—è–Ω–∏–µ: —Ö–æ—Ä–æ—à–µ–µ, –∂–∏–ª. –ø–ª–æ—â–∞–¥—å 65 –∫–≤.–º., –∫—É—Ö–Ω—è 11 –∫–≤.–º., –ø–æ—Ç–æ–ª–∫–∏ 2.5–º., —Å–∞–Ω—É–∑–µ–ª —Ä–∞–∑–¥–µ–ª—å–Ω—ã–π, —Ç–µ–ª–µ—Ñ–æ–Ω: –æ—Ç–¥–µ–ª—å–Ω—ã–π, –∏–Ω—Ç–µ—Ä–Ω–µ—Ç ADSL, —á–∞—Å—Ç–∏—á–Ω–æ –º–µ–±–ª–∏—Ä–æ–≤–∞–Ω–∞, –í—Å—Ç—Ä–æ–µ–Ω–Ω–∞—è –∫—É—Ö–Ω—è, —Ç–µ–ø–ª—ã–µ –ø–æ–ª—ã, –≥–∞—Ä–¥–µ—Ä–æ–±–Ω–∞—è, –≤—Å—Ç—Ä–æ–µ–Ω–Ω—ã–µ —à–∫–∞—Ñ—ã, 2 —É—Ç–µ–ø–ª–µ–Ω–Ω—ã—Ö –±–∞–ª–∫–æ–Ω–∞. –¢–∏—Ö–∏–π –¥–≤–æ—Ä, —Ä—è–¥–æ–º –±–æ–ª—å–Ω–∏—Ü–∞, –¥–µ—Ç. —Å–∞‚Ä¶",–•–æ–∑—è–∏–Ω –Ω–µ–¥–≤–∏–∂–∏–º–æ—Å—Ç–∏,–ê–ª–º–∞—Ç—ã,4 –º–∞—Ä.,0,0,0,0,0,0,07-03-2021 08:27:37,"–ø–∞–Ω–µ–ª—å–Ω—ã–π, 1989 –≥.–ø.",1 –∏–∑ 5,"83.4 –º¬≤, –∂–∏–ª–∞—è ‚Äî 65 –º¬≤, –∫—É—Ö–Ω—è ‚Äî 11 –º¬≤",—Ö–æ—Ä–æ—à–µ–µ,—Ä–∞–∑–¥–µ–ª—å–Ω—ã–π,–±–∞–ª–∫–æ–Ω –∏ –ª–æ–¥–∂–∏—è,–¥–∞,,–º–µ—Ç–∞–ª–ª–∏—á–µ—Å–∫–∞—è,ADSL,—á–∞—Å—Ç–∏—á–Ω–æ –º–µ–±–ª–∏—Ä–æ–≤–∞–Ω–∞,–ª–∞–º–∏–Ω–∞—Ç,2.5 –º,"—Ä–µ—à–µ—Ç–∫–∏ –Ω–∞ –æ–∫–Ω–∞—Ö, –¥–æ–º–æ—Ñ–æ–Ω, —Å–∏–≥–Ω–∞–ª–∏–∑–∞—Ü–∏—è",,–æ—Ç–¥–µ–ª—å–Ω—ã–π,–ø–∞—Ä–∫–∏–Ω–≥,–Ω–µ—Ç,"–ü–ª–∞—Å—Ç–∏–∫–æ–≤—ã–µ –æ–∫–Ω–∞, —Ç–∏—Ö–∏–π –¥–≤–æ—Ä, –∫–æ–Ω–¥–∏—Ü–∏–æ–Ω–µ—Ä, –Ω–µ—É–≥–ª–æ–≤–∞—è, —É–ª—É—á—à–µ–Ω–Ω–∞—è, –∫–æ–º–Ω–∞—Ç—ã –∏–∑–æ–ª–∏—Ä–æ–≤–∞–Ω—ã, –≤—Å—Ç—Ä–æ–µ–Ω–Ω–∞—è –∫—É—Ö–Ω—è, –Ω–æ–≤–∞—è —Å–∞–Ω—Ç–µ—Ö–Ω–∏–∫–∞, –∫–ª–∞–¥–æ–≤–∫–∞, —Å—á—ë—Ç—á–∏–∫–∏.","–í—Å—Ç—Ä–æ–µ–Ω–Ω–∞—è –∫—É—Ö–Ω—è, —Ç–µ–ø–ª—ã–µ –ø–æ–ª—ã, –≥–∞—Ä–¥–µ—Ä–æ–±–Ω–∞—è, –≤—Å—Ç—Ä–æ–µ–Ω–Ω—ã–µ —à–∫–∞—Ñ—ã, 2 —É—Ç–µ–ø–ª–µ–Ω–Ω—ã—Ö –±–∞–ª–∫–æ–Ω–∞. 
–¢–∏—Ö–∏–π –¥–≤–æ—Ä, —Ä—è–¥–æ–º –±–æ–ª—å–Ω–∏—Ü–∞, –¥–µ—Ç. —Å–∞–¥, —à–∫–æ–ª–∞."
665553787,2,https://krisha.kz/a/show/665553787,almaty-zhetysuskij,4,"4-–∫–æ–º–Ω–∞—Ç–Ω–∞—è –∫–≤–∞—Ä—Ç–∏—Ä–∞, 94 –º¬≤, 1/5 —ç—Ç–∞–∂",30000000,"–ñ–µ—Ç—ã—Å—É—Å–∫–∏–π —Ä-–Ω, –º–∫—Ä –ö–æ–∫–∂–∏–µ–∫, –ì–µ–æ–ª–æ–≥–æ–≤ 7","–ø–∞–Ω–µ–ª—å–Ω—ã–π –¥–æ–º, 1987 –≥.–ø., —Å–æ—Å—Ç–æ—è–Ω–∏–µ: —Å—Ä–µ–¥–Ω–µ–µ, –∂–∏–ª. –ø–ª–æ—â–∞–¥—å 82 –∫–≤.–º., –∫—É—Ö–Ω—è 12 –∫–≤.–º., –ø–æ—Ç–æ–ª–∫–∏ 2.6–º., —Å–∞–Ω—É–∑–µ–ª —Ä–∞–∑–¥–µ–ª—å–Ω—ã–π, —Ç–µ–ª–µ—Ñ–æ–Ω: –µ—Å—Ç—å –≤–æ–∑–º–æ–∂–Ω–æ—Å—Ç—å –ø–æ–¥–∫–ª—é—á–µ–Ω–∏—è, –°—Ä–æ—á–Ω–æ –ø—Ä–æ–¥–∞–º —Ç–æ—Ä–≥ —É–º–µ—Å—Ç–µ–Ω –≤ —Ä–∞–∑—É–º–Ω—ã—Ö –ø—Ä–µ–¥–µ–ª–∞—Ö",–•–æ–∑—è–∏–Ω –Ω–µ–¥–≤–∏–∂–∏–º–æ—Å—Ç–∏,–ê–ª–º–∞—Ç—ã,4 –º–∞—Ä.,0,0,0,0,0,0,07-03-2021 08:27:38,"–ø–∞–Ω–µ–ª—å–Ω—ã–π, 1987 –≥.–ø.",1 –∏–∑ 5,"94 –º¬≤, –∂–∏–ª–∞—è ‚Äî 82 –º¬≤, –∫—É—Ö–Ω—è ‚Äî 12 –º¬≤",—Å—Ä–µ–¥–Ω–µ–µ,—Ä–∞–∑–¥–µ–ª—å–Ω—ã–π,–Ω–µ—Å–∫–æ–ª—å–∫–æ –±–∞–ª–∫–æ–Ω–æ–≤ –∏–ª–∏ –ª–æ–¥–∂–∏–π,–¥–∞,,–º–µ—Ç–∞–ª–ª–∏—á–µ—Å–∫–∞—è,,,–ª–∏–Ω–æ–ª–µ—É–º,2.6 –º,"—Ä–µ—à–µ—Ç–∫–∏ –Ω–∞ –æ–∫–Ω–∞—Ö, –¥–æ–º–æ—Ñ–æ–Ω",,–µ—Å—Ç—å –≤–æ–∑–º–æ–∂–Ω–æ—Å—Ç—å –ø–æ–¥–∫–ª—é—á–µ–Ω–∏—è,,–Ω–µ—Ç,"–ü–ª–∞—Å—Ç–∏–∫–æ–≤—ã–µ –æ–∫–Ω–∞, –Ω–æ–≤–∞—è —Å–∞–Ω—Ç–µ—Ö–Ω–∏–∫–∞, –∫–ª–∞–¥–æ–≤–∫–∞, —Å—á—ë—Ç—á–∏–∫–∏, —Ç–∏—Ö–∏–π –¥–≤–æ—Ä, —É–¥–æ–±–Ω–æ –ø–æ–¥ –∫–æ–º–º–µ—Ä—Ü–∏—é.",–°—Ä–æ—á–Ω–æ –ø—Ä–æ–¥–∞–º —Ç–æ—Ä–≥ —É–º–µ—Å—Ç–µ–Ω –≤ —Ä–∞–∑—É–º–Ω—ã—Ö –ø—Ä–µ–¥–µ–ª–∞—Ö
664851415,2,https://krisha.kz/a/show/664851415,almaty-zhetysuskij,4,"4-–∫–æ–º–Ω–∞—Ç–Ω–∞—è –∫–≤–∞—Ä—Ç–∏—Ä–∞, 84 –º¬≤, 4/5 —ç—Ç–∞–∂",35000000,"–ñ–µ—Ç—ã—Å—É—Å–∫–∏–π —Ä-–Ω, –º–∫—Ä –ö—É–ª–∞–≥–µ—Ä 15","–ø–∞–Ω–µ–ª—å–Ω—ã–π –¥–æ–º, 1989 –≥.–ø., —Å–æ—Å—Ç–æ—è–Ω–∏–µ: –µ–≤—Ä–æ—Ä–µ–º–æ–Ω—Ç, –∂–∏–ª. –ø–ª–æ—â–∞–¥—å 55 –∫–≤.–º., –∫—É—Ö–Ω—è 11 –∫–≤.–º., –ø–æ—Ç–æ–ª–∫–∏ 2.6–º., —Å–∞–Ω—É–∑–µ–ª —Ä–∞–∑–¥–µ–ª—å–Ω—ã–π, —Ç–µ–ª–µ—Ñ–æ–Ω: –æ—Ç–¥–µ–ª—å–Ω—ã–π, –∏–Ω—Ç–µ—Ä–Ω–µ—Ç –æ–ø—Ç–∏–∫–∞, —á–∞—Å—Ç–∏—á–Ω–æ –º–µ–±–ª–∏—Ä–æ–≤–∞–Ω–∞, –ü—Ä–æ–¥–∞–º –∫–≤–∞—Ä—Ç–∏—Ä—É",–•–æ–∑—è–∏–Ω –Ω–µ–¥–≤–∏–∂–∏–º–æ—Å—Ç–∏,–ê–ª–º–∞—Ç—ã,4 –º–∞—Ä.,0,0,0,0,0,0,07-03-2021 08:27:39,"–ø–∞–Ω–µ–ª—å–Ω—ã–π, 1989 –≥.–ø.",4 –∏–∑ 5,"84 –º¬≤, –∂–∏–ª–∞—è ‚Äî 55 –º¬≤, –∫—É—Ö–Ω—è ‚Äî 11 –º¬≤",–µ–≤—Ä–æ—Ä–µ–º–æ–Ω—Ç,—Ä–∞–∑–¥–µ–ª—å–Ω—ã–π,–Ω–µ—Å–∫–æ–ª—å–∫–æ –±–∞–ª–∫–æ–Ω–æ–≤ –∏–ª–∏ –ª–æ–¥–∂–∏–π,–¥–∞,,–º–µ—Ç–∞–ª–ª–∏—á–µ—Å–∫–∞—è,–æ–ø—Ç–∏–∫–∞,—á–∞—Å—Ç–∏—á–Ω–æ –º–µ–±–ª–∏—Ä–æ–≤–∞–Ω–∞,–ª–∞–º–∏–Ω–∞—Ç,2.6 –º,"—Ä–µ—à–µ—Ç–∫–∏ –Ω–∞ –æ–∫–Ω–∞—Ö, –¥–æ–º–æ—Ñ–æ–Ω, –≤–∏–¥–µ–æ–Ω–∞–±–ª—é–¥–µ–Ω–∏–µ",,–æ—Ç–¥–µ–ª—å–Ω—ã–π,—Ä—è–¥–æ–º –æ—Ö—Ä–∞–Ω—è–µ–º–∞—è —Å—Ç–æ—è–Ω–∫–∞,–Ω–µ—Ç,"–ü–ª–∞—Å—Ç–∏–∫–æ–≤—ã–µ –æ–∫–Ω–∞, –Ω–µ—É–≥–ª–æ–≤–∞—è, —É–ª—É—á—à–µ–Ω–Ω–∞—è, –∫–æ–º–Ω–∞—Ç—ã –∏–∑–æ–ª–∏—Ä–æ–≤–∞–Ω—ã, –≤—Å—Ç—Ä–æ–µ–Ω–Ω–∞—è –∫—É—Ö–Ω—è, –Ω–æ–≤–∞—è —Å–∞–Ω—Ç–µ—Ö–Ω–∏–∫–∞, —Å—á—ë—Ç—á–∏–∫–∏, —Ç–∏—Ö–∏–π –¥–≤–æ—Ä.",–ü—Ä–æ–¥–∞–º –∫–≤–∞—Ä—Ç–∏—Ä—É .
665375450,2,https://krisha.kz/a/show/665375450,almaty-zhetysuskij,4,"4-–∫–æ–º–Ω–∞—Ç–Ω–∞—è –∫–≤–∞—Ä—Ç–∏—Ä–∞, 90 –º¬≤, 1/5 —ç—Ç–∞–∂",32000000,"–ñ–µ—Ç—ã—Å—É—Å–∫–∏–π —Ä-–Ω, –º–∫—Ä –ö–æ–∫–∂–∏–µ–∫, –ì–µ–æ–ª–æ–≥–æ–≤ 7","1987 –≥.–ø., —Å–æ—Å—Ç–æ—è–Ω–∏–µ: –µ–≤—Ä–æ—Ä–µ–º–æ–Ω—Ç, –∂–∏–ª. –ø–ª–æ—â–∞–¥—å 84 –∫–≤.–º., –∫—É—Ö–Ω—è 25 –∫–≤.–º., –ø–æ—Ç–æ–ª–∫–∏ 2.6–º., —Å–∞–Ω—É–∑–µ–ª —Ä–∞–∑–¥–µ–ª—å–Ω—ã–π, —Ç–µ–ª–µ—Ñ–æ–Ω: –µ—Å—Ç—å –≤–æ–∑–º–æ–∂–Ω–æ—Å—Ç—å –ø–æ–¥–∫–ª—é—á–µ–Ω–∏—è, –ø—É—Å—Ç–∞—è",–•–æ–∑—è–∏–Ω –Ω–µ–¥–≤–∏–∂–∏–º–æ—Å—Ç–∏,–ê–ª–º–∞—Ç—ã,3 –º–∞—Ä.,0,0,0,0,0,0,07-03-2021 08:27:40,1987 –≥.–ø.,1 –∏–∑ 5,"90 –º¬≤, –∂–∏–ª–∞—è ‚Äî 84 –º¬≤, –∫—É—Ö–Ω—è ‚Äî 25 –º¬≤",–µ–≤—Ä–æ—Ä–µ–º–æ–Ω—Ç,—Ä–∞–∑–¥–µ–ª—å–Ω—ã–π,–Ω–µ—Å–∫–æ–ª—å–∫–æ –±–∞–ª–∫–æ–Ω–æ–≤ –∏–ª–∏ –ª–æ–¥–∂–∏–π,–¥–∞,,–º–µ—Ç–∞–ª–ª–∏—á–µ—Å–∫–∞—è,,–ø—É—Å—Ç–∞—è,–ª–∏–Ω–æ–ª–µ—É–º,2.6 –º,–¥–æ–º–æ—Ñ–æ–Ω,,–µ—Å—Ç—å –≤–æ–∑–º–æ–∂–Ω–æ—Å—Ç—å –ø–æ–¥–∫–ª—é—á–µ–Ω–∏—è,–ø–∞—Ä–∫–∏–Ω–≥,,,
665548131,2,https://krisha.kz/a/show/665548131,almaty-zhetysuskij,4,"4-–∫–æ–º–Ω–∞—Ç–Ω–∞—è –∫–≤–∞—Ä—Ç–∏—Ä–∞, 83 –º¬≤, 4/5 —ç—Ç–∞–∂",24500000,"–ñ–µ—Ç—ã—Å—É—Å–∫–∏–π —Ä-–Ω, –†—ã—Å–∫—É–ª–æ–≤–∞ ‚Äî –ñ–∞–Ω—Å—É–≥—É—Ä–æ–≤–∞","–ø–∞–Ω–µ–ª—å–Ω—ã–π –¥–æ–º, 1986 –≥.–ø., —Å–æ—Å—Ç–æ—è–Ω–∏–µ: —Ö–æ—Ä–æ—à–µ–µ, –∂–∏–ª. –ø–ª–æ—â–∞–¥—å 54 –∫–≤.–º., –∫—É—Ö–Ω—è 10 –∫–≤.–º., —Å–∞–Ω—É–∑–µ–ª —Ä–∞–∑–¥–µ–ª—å–Ω—ã–π",–°–ø–µ—Ü–∏–∞–ª–∏—Å—Ç,–ê–ª–º–∞—Ç—ã,3 –º–∞—Ä.,0,0,0,0,0,0,07-03-2021 08:27:40,"–ø–∞–Ω–µ–ª—å–Ω—ã–π, 1986 –≥.–ø.",4 –∏–∑ 5,"83 –º¬≤, –∂–∏–ª–∞—è ‚Äî 54 –º¬≤, –∫—É—Ö–Ω—è ‚Äî 10 –º¬≤",—Ö–æ—Ä–æ—à–µ–µ,—Ä–∞–∑–¥–µ–ª—å–Ω—ã–π,–±–∞–ª–∫–æ–Ω –∏ –ª–æ–¥–∂–∏—è,–¥–∞,,–º–µ—Ç–∞–ª–ª–∏—á–µ—Å–∫–∞—è,,,–ª–∏–Ω–æ–ª–µ—É–º,,–¥–æ–º–æ—Ñ–æ–Ω,,,,–Ω–µ—Ç,"–ü–ª–∞—Å—Ç–∏–∫–æ–≤—ã–µ –æ–∫–Ω–∞, —É–ª—É—á—à–µ–Ω–Ω–∞—è, –∫–æ–º–Ω–∞—Ç—ã –∏–∑–æ–ª–∏—Ä–æ–≤–∞–Ω—ã.",
49579191,2,https://krisha.kz/a/show/49579191,almaty-zhetysuskij,4,"4-–∫–æ–º–Ω–∞—Ç–Ω–∞—è –∫–≤–∞—Ä—Ç–∏—Ä–∞, 110.6 –º¬≤, 6/8 —ç—Ç–∞–∂",48000000,"–ñ–µ—Ç—ã—Å—É—Å–∫–∏–π —Ä-–Ω, –º–∫—Ä –ê–π–Ω–∞–±—É–ª–∞–∫-3 32–ê ‚Äî –ú–∞–∫–∞—Ç–∞–µ–≤–∞","–ø–∞–Ω–µ–ª—å–Ω—ã–π –¥–æ–º, 2010 –≥.–ø., —Å–æ—Å—Ç–æ—è–Ω–∏–µ: –µ–≤—Ä–æ—Ä–µ–º–æ–Ω—Ç, –∂–∏–ª. –ø–ª–æ—â–∞–¥—å 56.3 –∫–≤.–º., –∫—É—Ö–Ω—è 16.3 –∫–≤.–º., –ø–æ—Ç–æ–ª–∫–∏ 2.9–º., —Å–∞–Ω—É–∑–µ–ª —Å–æ–≤–º–µ—â–µ–Ω–Ω—ã–π, —Ç–µ–ª–µ—Ñ–æ–Ω: –æ—Ç–¥–µ–ª—å–Ω—ã–π, –∏–Ω—Ç–µ—Ä–Ω–µ—Ç –ø—Ä–æ–≤–æ–¥–Ω–æ–π, –ø–æ–ª–Ω–æ—Å—Ç—å—é –º–µ–±–ª–∏—Ä–æ–≤–∞–Ω–∞, –ü–æ–ª–Ω–æ—Å—Ç—å—é –º–µ–±–ª–∏—Ä–æ–≤–∞–Ω, –µ–≤—Ä–æ —Ä–µ–º–æ–Ω—Ç, –≤—Å–µ –ø–æ–ª–Ω–æ—Å—Ç—å—é –æ—Å—Ç–∞–≤–ª—è—é –∫–∞–∫ –µ—Å—Ç—å, –∑–∞–µ–∑–∂–∞–π—Ç–µ –∏ –∂–∏–≤–∏—Ç–µ",–•–æ–∑—è–∏–Ω –Ω–µ–¥–≤–∏–∂–∏–º–æ—Å—Ç–∏,–ê–ª–º–∞—Ç—ã,3 –º–∞—Ä.,0,0,0,0,0,0,07-03-2021 08:27:41,"–ø–∞–Ω–µ–ª—å–Ω—ã–π, 2010 –≥.–ø.",6 –∏–∑ 8,"110.6 –º¬≤, –∂–∏–ª–∞—è ‚Äî 56.3 –º¬≤, –∫—É—Ö–Ω—è ‚Äî 16.3 –º¬≤",–µ–≤—Ä–æ—Ä–µ–º–æ–Ω—Ç,—Å–æ–≤–º–µ—â–µ–Ω–Ω—ã–π,–±–∞–ª–∫–æ–Ω –∏ –ª–æ–¥–∂–∏—è,–¥–∞,,–º–µ—Ç–∞–ª–ª–∏—á–µ—Å–∫–∞—è,–ø—Ä–æ–≤–æ–¥–Ω–æ–π,–ø–æ–ª–Ω–æ—Å—Ç—å—é –º–µ–±–ª–∏—Ä–æ–≤–∞–Ω–∞,–ª–∞–º–∏–Ω–∞—Ç,2.9 –º,"–¥–æ–º–æ—Ñ–æ–Ω, —Å–∏–≥–Ω–∞–ª–∏–∑–∞—Ü–∏—è, –≤–∏–¥–µ–æ–Ω–∞–±–ª—é–¥–µ–Ω–∏–µ",,–æ—Ç–¥–µ–ª—å–Ω—ã–π,—Ä—è–¥–æ–º –æ—Ö—Ä–∞–Ω—è–µ–º–∞—è —Å—Ç–æ—è–Ω–∫–∞,–Ω–µ—Ç,,"–ü–æ–ª–Ω–æ—Å—Ç—å—é –º–µ–±–ª–∏—Ä–æ–≤–∞–Ω, –µ–≤—Ä–æ —Ä–µ–º–æ–Ω—Ç, –≤—Å–µ –ø–æ–ª–Ω–æ—Å—Ç—å—é –æ—Å—Ç–∞–≤–ª—è—é –∫–∞–∫ –µ—Å—Ç—å, –∑–∞–µ–∑–∂–∞–π—Ç–µ –∏ –∂–∏–≤–∏—Ç–µ ."
51594805,2,https://krisha.kz/a/show/51594805,almaty-zhetysuskij,4,"4-–∫–æ–º–Ω–∞—Ç–Ω–∞—è –∫–≤–∞—Ä—Ç–∏—Ä–∞, 73.3 –º¬≤, 2/5 —ç—Ç–∞–∂",32000000,"–ñ–µ—Ç—ã—Å—É—Å–∫–∏–π —Ä-–Ω, –º–∫—Ä –ê–π–Ω–∞–±—É–ª–∞–∫-3, –ê–π–Ω–∞–±—É–ª–∞–∫ 3 104","–í –∑–∞–ª–æ–≥–µ, –ø–∞–Ω–µ–ª—å–Ω—ã–π –¥–æ–º, 1988 –≥.–ø., —Å–æ—Å—Ç–æ—è–Ω–∏–µ: —Ö–æ—Ä–æ—à–µ–µ, —Å–∞–Ω—É–∑–µ–ª —Ä–∞–∑–¥–µ–ª—å–Ω—ã–π, —Ç–µ–ª–µ—Ñ–æ–Ω: –µ—Å—Ç—å –≤–æ–∑–º–æ–∂–Ω–æ—Å—Ç—å –ø–æ–¥–∫–ª—é—á–µ–Ω–∏—è, —á–∞—Å—Ç–∏—á–Ω–æ –º–µ–±–ª–∏—Ä–æ–≤–∞–Ω–∞, –ö–≤–∞—Ä—Ç–∏—Ä–∞ –≤ –æ—Ç–ª–∏—á–Ω–æ–º —Å–æ—Å—Ç–æ—è–Ω–∏–∏, –ø–æ—Å–ª–µ –∫–æ—Å–º–µ—Ç–∏–∫–∏. –í –¥–≤—É—Ö —Å–ø–∞–ª—å–Ω—è—Ö –∏ –∑–∞–ª–µ –∏–º–µ–µ—Ç—Å—è –∫–æ–Ω–¥–∏—Ü–∏–æ–Ω–µ—Ä, –≤ —Ç—Ä–µ—Ç–µ–π —Å–ø–∞–ª—å–Ω–µ —Ç–µ–ø–ª—ã–µ –ø–æ–ª—ã. –î–≤–æ—Ä –ø–æ—Å–ª–µ —Ä–µ–º–æ–Ω—Ç–∞, —Å –Ω–æ–≤—ã–º–∏ –¥–µ—Ç—Å–∫–∏–º‚Ä¶",–•–æ–∑—è–∏–Ω –Ω–µ–¥–≤–∏–∂–∏–º–æ—Å—Ç–∏,–ê–ª–º–∞—Ç—ã,3 –º–∞—Ä.,1,0,0,0,0,0,07-03-2021 08:27:42,"–ø–∞–Ω–µ–ª—å–Ω—ã–π, 1988 –≥.–ø.",2 –∏–∑ 5,73.3 –º¬≤,—Ö–æ—Ä–æ—à–µ–µ,—Ä–∞–∑–¥–µ–ª—å–Ω—ã–π,–±–∞–ª–∫–æ–Ω,–¥–∞,,–º–µ—Ç–∞–ª–ª–∏—á–µ—Å–∫–∞—è,,—á–∞—Å—Ç–∏—á–Ω–æ –º–µ–±–ª–∏—Ä–æ–≤–∞–Ω–∞,–ª–∞–º–∏–Ω–∞—Ç,,"–¥–æ–º–æ—Ñ–æ–Ω, –≤–∏–¥–µ–æ–Ω–∞–±–ª—é–¥–µ–Ω–∏–µ",,–µ—Å—Ç—å –≤–æ–∑–º–æ–∂–Ω–æ—Å—Ç—å –ø–æ–¥–∫–ª—é—á–µ–Ω–∏—è,—Ä—è–¥–æ–º –æ—Ö—Ä–∞–Ω—è–µ–º–∞—è —Å—Ç–æ—è–Ω–∫–∞,–Ω–µ—Ç,"–ü–ª–∞—Å—Ç–∏–∫–æ–≤—ã–µ –æ–∫–Ω–∞, —Ç–∏—Ö–∏–π –¥–≤–æ—Ä, –∫–æ–Ω–¥–∏—Ü–∏–æ–Ω–µ—Ä, –Ω–µ—É–≥–ª–æ–≤–∞—è, —É–ª—É—á—à–µ–Ω–Ω–∞—è, –∫–æ–º–Ω–∞—Ç—ã –∏–∑–æ–ª–∏—Ä–æ–≤–∞–Ω—ã, –≤—Å—Ç—Ä–æ–µ–Ω–Ω–∞—è –∫—É—Ö–Ω—è, –∫–ª–∞–¥–æ–≤–∫–∞, —Å—á—ë—Ç—á–∏–∫–∏.","–ö–≤–∞—Ä—Ç–∏—Ä–∞ –≤ –æ—Ç–ª–∏—á–Ω–æ–º —Å–æ—Å—Ç–æ—è–Ω–∏–∏, –ø–æ—Å–ª–µ –∫–æ—Å–º–µ—Ç–∏–∫–∏. –í –¥–≤—É—Ö —Å–ø–∞–ª—å–Ω—è—Ö –∏ –∑–∞–ª–µ –∏–º–µ–µ—Ç—Å—è –∫–æ–Ω–¥–∏—Ü–∏–æ–Ω–µ—Ä, –≤ —Ç—Ä–µ—Ç–µ–π —Å–ø–∞–ª—å–Ω–µ —Ç–µ–ø–ª—ã–µ –ø–æ–ª—ã. –î–≤–æ—Ä –ø–æ—Å–ª–µ —Ä–µ–º–æ–Ω—Ç–∞, —Å –Ω–æ–≤—ã–º–∏ –¥–µ—Ç—Å–∫–∏–º–∏ –ø–ª–æ—â–∞–¥–∫–∞–º–∏. –°–æ—Å–µ–¥–∏ —Ö–æ—Ä–æ—à–∏–µ, –Ω–µ —à—É–º–Ω—ã–µ. –†—è–¥–æ–º –ø–∞—Ä–∫, –º–∞–≥–Ω—É–º, –ø–æ–ª–∏–∫–ª–∏–Ω–∏–∫–∞, –∞–ø—Ç–µ–∫–∏, —Å–∞–¥–∏–∫–∏, –¥–≤–µ —à–∫–æ–ª—ã, –∞–≤—Ç–æ–º–æ–π–∫–∞, –æ—Å—Ç–∞–Ω–æ–≤–∫–∞. –ë–∞–∑–∞—Ä, –∞—Ä–±–∞—Ç, –∫–æ–º–ø–ª–µ–∫—Å ""–ê–≥–∞–π—ã–Ω"" (—Ä–µ—Å—Ç–æ—Ä–∞–Ω, –∫–∞—Ñ–µ, —Å–∞—É–Ω–∞, –±–∞—Å—Å–µ–π–Ω, –¥–µ—Ç—Å–∫–∏–µ —Å–µ–∫—Ü–∏–∏, —Ñ—É—Ç–±–æ–ª—å–Ω–æ–µ –ø–æ–ª–µ) –≤ –ø—è—Ç–∏ –º–∏–Ω—É—Ç–∞—Ö —Ö–æ–¥—å–±—ã."
665539855,2,https://krisha.kz/a/show/665539855,almaty-zhetysuskij,4,"4-–∫–æ–º–Ω–∞—Ç–Ω–∞—è –∫–≤–∞—Ä—Ç–∏—Ä–∞, 100 –º¬≤, 5/5 —ç—Ç–∞–∂",34500000,"–ñ–µ—Ç—ã—Å—É—Å–∫–∏–π —Ä-–Ω, –º–∫—Ä –ê–π–Ω–∞–±—É–ª–∞–∫-3 147","–ø–∞–Ω–µ–ª—å–Ω—ã–π –¥–æ–º, 1991 –≥.–ø., —Å–æ—Å—Ç–æ—è–Ω–∏–µ: —Ö–æ—Ä–æ—à–µ–µ, –∂–∏–ª. –ø–ª–æ—â–∞–¥—å 60 –∫–≤.–º., –∫—É—Ö–Ω—è 12 –∫–≤.–º., –ø–æ—Ç–æ–ª–∫–∏ 2.8–º., —Å–∞–Ω—É–∑–µ–ª —Ä–∞–∑–¥–µ–ª—å–Ω—ã–π, —Ç–µ–ª–µ—Ñ–æ–Ω: –æ—Ç–¥–µ–ª—å–Ω—ã–π, –∏–Ω—Ç–µ—Ä–Ω–µ—Ç –æ–ø—Ç–∏–∫–∞, –ø–æ–ª–Ω–æ—Å—Ç—å—é –º–µ–±–ª–∏—Ä–æ–≤–∞–Ω–∞",–•–æ–∑—è–∏–Ω –Ω–µ–¥–≤–∏–∂–∏–º–æ—Å—Ç–∏,–ê–ª–º–∞—Ç—ã,3 –º–∞—Ä.,0,0,0,0,0,0,07-03-2021 08:27:43,"–ø–∞–Ω–µ–ª—å–Ω—ã–π, 1991 –≥.–ø.",5 –∏–∑ 5,"100 –º¬≤, –∂–∏–ª–∞—è ‚Äî 60 –º¬≤, –∫—É—Ö–Ω—è ‚Äî 12 –º¬≤",—Ö–æ—Ä–æ—à–µ–µ,—Ä–∞–∑–¥–µ–ª—å–Ω—ã–π,–Ω–µ—Å–∫–æ–ª—å–∫–æ –±–∞–ª–∫–æ–Ω–æ–≤ –∏–ª–∏ –ª–æ–¥–∂–∏–π,–¥–∞,,–º–µ—Ç–∞–ª–ª–∏—á–µ—Å–∫–∞—è,–æ–ø—Ç–∏–∫–∞,–ø–æ–ª–Ω–æ—Å—Ç—å—é –º–µ–±–ª–∏—Ä–æ–≤–∞–Ω–∞,–ª–∏–Ω–æ–ª–µ—É–º,2.8 –º,–¥–æ–º–æ—Ñ–æ–Ω,,–æ—Ç–¥–µ–ª—å–Ω—ã–π,—Ä—è–¥–æ–º –æ—Ö—Ä–∞–Ω—è–µ–º–∞—è —Å—Ç–æ—è–Ω–∫–∞,–Ω–µ—Ç,"–ü–ª–∞—Å—Ç–∏–∫–æ–≤—ã–µ –æ–∫–Ω–∞, —É–ª—É—á—à–µ–Ω–Ω–∞—è, –∫–æ–º–Ω–∞—Ç—ã –∏–∑–æ–ª–∏—Ä–æ–≤–∞–Ω—ã, –∫–ª–∞–¥–æ–≤–∫–∞, —Å—á—ë—Ç—á–∏–∫–∏, —Ç–∏—Ö–∏–π –¥–≤–æ—Ä.",
660270110,2,https://krisha.kz/a/show/660270110,almaty-zhetysuskij,4,"4-–∫–æ–º–Ω–∞—Ç–Ω–∞—è –∫–≤–∞—Ä—Ç–∏—Ä–∞, 76.4 –º¬≤, 3/5 —ç—Ç–∞–∂",40900000,"–ñ–µ—Ç—ã—Å—É—Å–∫–∏–π —Ä-–Ω, –º–∫—Ä –ê–π–Ω–∞–±—É–ª–∞–∫-2, –ú–∫—Ä –ê–π–Ω–∞–±—É–ª–∞–∫-2 46","–ø–∞–Ω–µ–ª—å–Ω—ã–π –¥–æ–º, 1982 –≥.–ø., –∂–∏–ª. –ø–ª–æ—â–∞–¥—å 50.9 –∫–≤.–º., –∫—É—Ö–Ω—è 10.8 –∫–≤.–º., –ò–º—É—â–µ—Å—Ç–≤–æ –ê–û ¬´–ù–∞—Ä–æ–¥–Ω—ã–π –ë–∞–Ω–∫ –ö–∞–∑–∞—Ö—Å—Ç–∞–Ω–∞¬ª –î–æ—Å—Ç—É–ø–Ω–æ –ª—å–≥–æ—Ç–Ω–æ–µ –∫—Ä–µ–¥–∏—Ç–æ–≤–∞–Ω–∏–µ –ø–æ –ø—Ä–æ–≥—Ä–∞–º–º–µ ""Halyk Sale"" : –¥–ª—è —Ñ–∏–∑. –ª–∏—Ü. - —Å—Ç–∞–≤–∫–∞ –≤–æ–∑–Ω–∞–≥—Ä–∞–∂–¥–µ–Ω–∏—è ‚Äì –æ—Ç 8%, —Å—Ä–æ–∫–æ–º –¥–æ 20 –ª–µ—Ç –ö –º–æ–º–µ–Ω—Ç—É –ø—Ä–∏–Ω—è—Ç–∏—è –ë–∞–Ω–∫–æ–º —Ä–µ—à–µ–Ω–∏—è –æ –∑–∞–∫–ª—é—á–µ–Ω–∏–∏ –¥–æ–≥–æ–≤–æ—Ä‚Ä¶",–°–ø–µ—Ü–∏–∞–ª–∏—Å—Ç,–ê–ª–º–∞—Ç—ã,3 –º–∞—Ä.,0,0,0,0,0,0,07-03-2021 08:27:44,"–ø–∞–Ω–µ–ª—å–Ω—ã–π, 1982 –≥.–ø.",3 –∏–∑ 5,"76.4 –º¬≤, –∂–∏–ª–∞—è ‚Äî 50.9 –º¬≤, –∫—É—Ö–Ω—è ‚Äî 10.8 –º¬≤",,,,,,,,,,,,,,,–Ω–µ—Ç,,"–ò–º—É—â–µ—Å—Ç–≤–æ –ê–û ¬´–ù–∞—Ä–æ–¥–Ω—ã–π –ë–∞–Ω–∫ –ö–∞–∑–∞—Ö—Å—Ç–∞–Ω–∞¬ª 
–î–æ—Å—Ç—É–ø–Ω–æ –ª—å–≥–æ—Ç–Ω–æ–µ –∫—Ä–µ–¥–∏—Ç–æ–≤–∞–Ω–∏–µ –ø–æ –ø—Ä–æ–≥—Ä–∞–º–º–µ ""Halyk Sale"" : –¥–ª—è —Ñ–∏–∑. –ª–∏—Ü. - —Å—Ç–∞–≤–∫–∞ –≤–æ–∑–Ω–∞–≥—Ä–∞–∂–¥–µ–Ω–∏—è ‚Äì –æ—Ç 8%, —Å—Ä–æ–∫–æ–º –¥–æ 20 –ª–µ—Ç 
–ö –º–æ–º–µ–Ω—Ç—É –ø—Ä–∏–Ω—è—Ç–∏—è –ë–∞–Ω–∫–æ–º —Ä–µ—à–µ–Ω–∏—è –æ –∑–∞–∫–ª—é—á–µ–Ω–∏–∏ –¥–æ–≥–æ–≤–æ—Ä–∞ —Å –ø–æ–∫—É–ø–∞—Ç–µ–ª–µ–º –≤–æ–∑–º–æ–∂–Ω—ã –∏–∑–º–µ–Ω–µ–Ω–∏—è –ø–æ —Å—Ç–æ–∏–º–æ—Å—Ç–∏ –æ–±—ä–µ–∫—Ç–∞ –≤ –∑–∞–≤–∏—Å–∏–º–æ—Å—Ç–∏ –æ—Ç –¥–µ–π—Å—Ç–≤—É—é—â–∏—Ö —Ü–µ–Ω –Ω–∞ —Ä—ã–Ω–∫–µ –Ω–µ–¥–≤–∏–∂–∏–º–æ—Å—Ç–∏. 
–î–ª—è –ø–æ–ª—É—á–µ–Ω–∏—è –ø–æ–¥—Ä–æ–±–Ω–æ–π –∏–Ω—Ñ–æ—Ä–º–∞—Ü–∏–∏ —Å–ª–µ–¥—É–µ—Ç –æ–±—Ä–∞—â–∞—Ç—å—Å—è –≤ –û—Ç–¥–µ–ª –ø–æ —Ä–µ–∞–ª–∏–∑–∞—Ü–∏–∏ –∏–º—É—â–µ—Å—Ç–≤–∞"
51836553,2,https://krisha.kz/a/show/51836553,almaty-zhetysuskij,4,"4-–∫–æ–º–Ω–∞—Ç–Ω–∞—è –∫–≤–∞—Ä—Ç–∏—Ä–∞, 76.2 –º¬≤, 2/5 —ç—Ç–∞–∂",30000000,"–ñ–µ—Ç—ã—Å—É—Å–∫–∏–π —Ä-–Ω, –º–∫—Ä –ö—É–ª–∞–≥–µ—Ä 35 ‚Äî –°–µ—Ä–∏–∫–æ–≤–∞ –û–º–∞—Ä–æ–≤–∞","–∫–∏—Ä–ø–∏—á–Ω—ã–π –¥–æ–º, 1989 –≥.–ø., —Å–æ—Å—Ç–æ—è–Ω–∏–µ: —Ö–æ—Ä–æ—à–µ–µ, –∂–∏–ª. –ø–ª–æ—â–∞–¥—å 50.4 –∫–≤.–º., –∫—É—Ö–Ω—è 8.8 –∫–≤.–º., –ø–æ—Ç–æ–ª–∫–∏ 3–º., —Å–∞–Ω—É–∑–µ–ª —Ä–∞–∑–¥–µ–ª—å–Ω—ã–π, —Ç–µ–ª–µ—Ñ–æ–Ω: –æ—Ç–¥–µ–ª—å–Ω—ã–π, –ë–µ–∑ —Ä–µ–º–æ–Ω—Ç–∞ 1 –±–∞–ª–∫–æ–Ω –∏ 2 –ª–æ–¥–∂–∏–∏ –æ—á–µ–Ω—å —Ö–æ—Ä–æ—à–∏–π —Å—É—Ö–æ–π –∏ –¥—ã—à–∞—â–∏–π –∫–∏—Ä–ø–∏—á–Ω—ã–π –¥–æ–º ! –Ω–æ–≤–∞—è –¥–µ—Ç—Å–∫–∞—è –ø–ª–æ—â–∞–¥–∫–∞! —Ä—è–¥–æ–º —à–∫–æ–ª—ã, —Å–∞–¥—ã, –ø–∞—Ä–∫ (–±–∞–∫) –¶–û–ù –ø–æ–ª–∏–∫–ª–∏–Ω–∏–∫–∞, –ú–∞–≥–Ω—É–º, –º‚Ä¶",–•–æ–∑—è–∏–Ω –Ω–µ–¥–≤–∏–∂–∏–º–æ—Å—Ç–∏,–ê–ª–º–∞—Ç—ã,3 –º–∞—Ä.,0,0,0,0,0,0,07-03-2021 08:27:45,"–∫–∏—Ä–ø–∏—á–Ω—ã–π, 1989 –≥.–ø.",2 –∏–∑ 5,"76.2 –º¬≤, –∂–∏–ª–∞—è ‚Äî 50.4 –º¬≤, –∫—É—Ö–Ω—è ‚Äî 8.8 –º¬≤",—Ö–æ—Ä–æ—à–µ–µ,—Ä–∞–∑–¥–µ–ª—å–Ω—ã–π,–Ω–µ—Å–∫–æ–ª—å–∫–æ –±–∞–ª–∫–æ–Ω–æ–≤ –∏–ª–∏ –ª–æ–¥–∂–∏–π,–¥–∞,,–º–µ—Ç–∞–ª–ª–∏—á–µ—Å–∫–∞—è,,,–ø–∞—Ä–∫–µ—Ç,3 –º,"–¥–æ–º–æ—Ñ–æ–Ω, –∫–æ–¥–æ–≤—ã–π –∑–∞–º–æ–∫",–í–æ–∑–º–æ–∂–µ–Ω –æ–±–º–µ–Ω,–æ—Ç–¥–µ–ª—å–Ω—ã–π,—Ä—è–¥–æ–º –æ—Ö—Ä–∞–Ω—è–µ–º–∞—è —Å—Ç–æ—è–Ω–∫–∞,–Ω–µ—Ç,"–ù–µ—É–≥–ª–æ–≤–∞—è, —É–ª—É—á—à–µ–Ω–Ω–∞—è, –∫–æ–º–Ω–∞—Ç—ã –∏–∑–æ–ª–∏—Ä–æ–≤–∞–Ω—ã, —Ç–∏—Ö–∏–π –¥–≤–æ—Ä.","–ë–µ–∑ —Ä–µ–º–æ–Ω—Ç–∞ 
1 –±–∞–ª–∫–æ–Ω –∏ 2 –ª–æ–¥–∂–∏–∏ 
–æ—á–µ–Ω—å —Ö–æ—Ä–æ—à–∏–π —Å—É—Ö–æ–π –∏ –¥—ã—à–∞—â–∏–π –∫–∏—Ä–ø–∏—á–Ω—ã–π –¥–æ–º ! 
–Ω–æ–≤–∞—è –¥–µ—Ç—Å–∫–∞—è –ø–ª–æ—â–∞–¥–∫–∞! 
—Ä—è–¥–æ–º —à–∫–æ–ª—ã, —Å–∞–¥—ã, –ø–∞—Ä–∫ (–±–∞–∫) –¶–û–ù –ø–æ–ª–∏–∫–ª–∏–Ω–∏–∫–∞, –ú–∞–≥–Ω—É–º, –º–∞–≥–∞–∑–∏–Ω—ã, –∞–ø—Ç–µ–∫–∏ –∏ —Ç–¥. –≤—Å–µ –≤ —à–∞–≥–æ–≤–æ–π –¥–æ—Å—Ç—É–ø–Ω–æ—Å—Ç–∏ ! 
–æ—á–µ–Ω—å —É–¥–æ–±–Ω—ã–π –∏ –æ–±–∂–∏—Ç–æ–π —Ä–∞–π–æ–Ω ! 
–ë–µ–∑ —Ä–µ–º–æ–Ω—Ç–∞ ! 
–≤–∞—Ä–∏–∞–Ω—Ç—ã –Ω–∞ 1 –∫–æ–º–Ω–∞—Ç–Ω—ã–µ 
—Ü–µ–Ω–∞ –æ–∫–æ–Ω—á–∞—Ç–µ–ª—å–Ω–∞—è !"
660766736,2,https://krisha.kz/a/show/660766736,almaty-zhetysuskij,4,"4-–∫–æ–º–Ω–∞—Ç–Ω–∞—è –∫–≤–∞—Ä—Ç–∏—Ä–∞, 73 –º¬≤, 5/5 —ç—Ç–∞–∂",28000000,"–ñ–µ—Ç—ã—Å—É—Å–∫–∏–π —Ä-–Ω, –º–∫—Ä –ê–π–Ω–∞–±—É–ª–∞–∫-3, –ú–∫—Ä –ê–π–Ω–∞–±—É–ª–∞–∫-3 131","–ø–∞–Ω–µ–ª—å–Ω—ã–π –¥–æ–º, 1985 –≥.–ø., —Å–æ—Å—Ç–æ—è–Ω–∏–µ: —Ö–æ—Ä–æ—à–µ–µ, –∂–∏–ª. –ø–ª–æ—â–∞–¥—å 55 –∫–≤.–º., –∫—É—Ö–Ω—è 9 –∫–≤.–º., –ø–æ—Ç–æ–ª–∫–∏ 2.7–º., —Å–∞–Ω—É–∑–µ–ª —Å–æ–≤–º–µ—â–µ–Ω–Ω—ã–π, —Ç–µ–ª–µ—Ñ–æ–Ω: –æ—Ç–¥–µ–ª—å–Ω—ã–π, –∏–Ω—Ç–µ—Ä–Ω–µ—Ç ADSL, –ø–æ–ª–Ω–æ—Å—Ç—å—é –º–µ–±–ª–∏—Ä–æ–≤–∞–Ω–∞, –ü—Ä–æ–¥–∞–º, —Ç–æ—Ä–≥",–•–æ–∑—è–∏–Ω –Ω–µ–¥–≤–∏–∂–∏–º–æ—Å—Ç–∏,–ê–ª–º–∞—Ç—ã,3 –º–∞—Ä.,0,0,0,0,0,0,07-03-2021 08:27:46,"–ø–∞–Ω–µ–ª—å–Ω—ã–π, 1985 –≥.–ø.",5 –∏–∑ 5,"73 –º¬≤, –∂–∏–ª–∞—è ‚Äî 55 –º¬≤, –∫—É—Ö–Ω—è ‚Äî 9 –º¬≤",—Ö–æ—Ä–æ—à–µ–µ,—Å–æ–≤–º–µ—â–µ–Ω–Ω—ã–π,–±–∞–ª–∫–æ–Ω,–¥–∞,,–º–µ—Ç–∞–ª–ª–∏—á–µ—Å–∫–∞—è,ADSL,–ø–æ–ª–Ω–æ—Å—Ç—å—é –º–µ–±–ª–∏—Ä–æ–≤–∞–Ω–∞,–ª–∞–º–∏–Ω–∞—Ç,2.7 –º,"–¥–æ–º–æ—Ñ–æ–Ω, –≤–∏–¥–µ–æ–Ω–∞–±–ª—é–¥–µ–Ω–∏–µ",,–æ—Ç–¥–µ–ª—å–Ω—ã–π,—Ä—è–¥–æ–º –æ—Ö—Ä–∞–Ω—è–µ–º–∞—è —Å—Ç–æ—è–Ω–∫–∞,–Ω–µ—Ç,"–ü–ª–∞—Å—Ç–∏–∫–æ–≤—ã–µ –æ–∫–Ω–∞, –Ω–µ—É–≥–ª–æ–≤–∞—è, –∫–æ–º–Ω–∞—Ç—ã –∏–∑–æ–ª–∏—Ä–æ–≤–∞–Ω—ã, –≤—Å—Ç—Ä–æ–µ–Ω–Ω–∞—è –∫—É—Ö–Ω—è, —Ç–∏—Ö–∏–π –¥–≤–æ—Ä, –∫–æ–Ω–¥–∏—Ü–∏–æ–Ω–µ—Ä.","–ü—Ä–æ–¥–∞–º, —Ç–æ—Ä–≥."
664446259,2,https://krisha.kz/a/show/664446259,almaty-zhetysuskij,4,"4-–∫–æ–º–Ω–∞—Ç–Ω–∞—è –∫–≤–∞—Ä—Ç–∏—Ä–∞, 84 –º¬≤, 3/5 —ç—Ç–∞–∂",39500000,"–ñ–µ—Ç—ã—Å—É—Å–∫–∏–π —Ä-–Ω, –º–∫—Ä –ê–π–Ω–∞–±—É–ª–∞–∫-4, –ê–π–Ω–∞–±—É–ª–∞–∫ 180","–ø–∞–Ω–µ–ª—å–Ω—ã–π –¥–æ–º, 1988 –≥.–ø., —Å–æ—Å—Ç–æ—è–Ω–∏–µ: –µ–≤—Ä–æ—Ä–µ–º–æ–Ω—Ç, –∂–∏–ª. –ø–ª–æ—â–∞–¥—å 60 –∫–≤.–º., –∫—É—Ö–Ω—è 11 –∫–≤.–º., –ø–æ—Ç–æ–ª–∫–∏ 2.8–º., —Å–∞–Ω—É–∑–µ–ª —Ä–∞–∑–¥–µ–ª—å–Ω—ã–π, —Ç–µ–ª–µ—Ñ–æ–Ω: –æ—Ç–¥–µ–ª—å–Ω—ã–π, –∏–Ω—Ç–µ—Ä–Ω–µ—Ç ADSL, –ü—Ä–æ–¥–∞–º 4 –∫–æ–º–Ω–∞—Ç–Ω—É—é —É–ª—É—á—à–µ–Ω–Ω–æ–π –ø–ª–∞–Ω–∏—Ä–æ–≤–∫–∏ –Ω–∞ —Ç—Ä–µ—Ç—å–µ–º —ç—Ç–∞–∂–µ –Ω–µ —É–≥–ª–æ–≤–∞—è –≤ –æ—Ç–ª–∏—á–Ω–æ–º —Å–æ—Å—Ç–æ—è–Ω–∏–∏. –û—á–µ–Ω—å —Ç—ë–ø–ª–∞—è —Å–≤–µ—Ç–ª–∞—è –∫–≤–∞—Ä—Ç–∏—Ä–∞. –î—Ä—É–∂–µ–ª—é–±–Ω—ã–µ —Å–æ—Å‚Ä¶",–•–æ–∑—è–∏–Ω –Ω–µ–¥–≤–∏–∂–∏–º–æ—Å—Ç–∏,–ê–ª–º–∞—Ç—ã,3 –º–∞—Ä.,0,0,0,0,0,0,07-03-2021 08:27:47,"–ø–∞–Ω–µ–ª—å–Ω—ã–π, 1988 –≥.–ø.",3 –∏–∑ 5,"84 –º¬≤, –∂–∏–ª–∞—è ‚Äî 60 –º¬≤, –∫—É—Ö–Ω—è ‚Äî 11 –º¬≤",–µ–≤—Ä–æ—Ä–µ–º–æ–Ω—Ç,—Ä–∞–∑–¥–µ–ª—å–Ω—ã–π,–±–∞–ª–∫–æ–Ω –∏ –ª–æ–¥–∂–∏—è,–¥–∞,,,ADSL,,–ª–∞–º–∏–Ω–∞—Ç,2.8 –º,,,–æ—Ç–¥–µ–ª—å–Ω—ã–π,—Ä—è–¥–æ–º –æ—Ö—Ä–∞–Ω—è–µ–º–∞—è —Å—Ç–æ—è–Ω–∫–∞,–Ω–µ—Ç,"–ü–ª–∞—Å—Ç–∏–∫–æ–≤—ã–µ –æ–∫–Ω–∞, –Ω–µ—É–≥–ª–æ–≤–∞—è, —É–ª—É—á—à–µ–Ω–Ω–∞—è, –∫–æ–º–Ω–∞—Ç—ã –∏–∑–æ–ª–∏—Ä–æ–≤–∞–Ω—ã, —Ç–∏—Ö–∏–π –¥–≤–æ—Ä.",–ü—Ä–æ–¥–∞–º 4 –∫–æ–º–Ω–∞—Ç–Ω—É—é —É–ª—É—á—à–µ–Ω–Ω–æ–π –ø–ª–∞–Ω–∏—Ä–æ–≤–∫–∏ –Ω–∞ —Ç—Ä–µ—Ç—å–µ–º —ç—Ç–∞–∂–µ –Ω–µ —É–≥–ª–æ–≤–∞—è –≤ –æ—Ç–ª–∏—á–Ω–æ–º —Å–æ—Å—Ç–æ—è–Ω–∏–∏. –û—á–µ–Ω—å —Ç—ë–ø–ª–∞—è —Å–≤–µ—Ç–ª–∞—è –∫–≤–∞—Ä—Ç–∏—Ä–∞. –î—Ä—É–∂–µ–ª—é–±–Ω—ã–µ —Å–æ—Å–µ–¥–∏. –†—è–¥–æ–º –¥–µ—Ç—Å–∫–∏–π —Å–∞–¥ —à–∫–æ–ª–∞. –ù–µ –±–æ–ª—å—à–æ–π —Ç–æ—Ä–≥ —É–º–µ—Å—Ç–µ–Ω. –û–±–º–µ–Ω –Ω–µ –∏–Ω—Ç–µ—Ä–µ—Å—É–µ—Ç.
663774397,2,https://krisha.kz/a/show/663774397,almaty-zhetysuskij,4,"4-–∫–æ–º–Ω–∞—Ç–Ω–∞—è –∫–≤–∞—Ä—Ç–∏—Ä–∞, 82 –º¬≤, 1/5 —ç—Ç–∞–∂",28000000,"–ñ–µ—Ç—ã—Å—É—Å–∫–∏–π —Ä-–Ω, –ì–µ–æ–ª–æ–≥–æ–≤ 8","–ø–∞–Ω–µ–ª—å–Ω—ã–π –¥–æ–º, 1987 –≥.–ø., —Å–æ—Å—Ç–æ—è–Ω–∏–µ: –µ–≤—Ä–æ—Ä–µ–º–æ–Ω—Ç, –∂–∏–ª. –ø–ª–æ—â–∞–¥—å 58 –∫–≤.–º., –∫—É—Ö–Ω—è 12 –∫–≤.–º., —Å–∞–Ω—É–∑–µ–ª —Ä–∞–∑–¥–µ–ª—å–Ω—ã–π, —Ç–µ–ª–µ—Ñ–æ–Ω: –æ—Ç–¥–µ–ª—å–Ω—ã–π, –∏–Ω—Ç–µ—Ä–Ω–µ—Ç —á–µ—Ä–µ–∑ TV –∫–∞–±–µ–ª—å, —á–∞—Å—Ç–∏—á–Ω–æ –º–µ–±–ª–∏—Ä–æ–≤–∞–Ω–∞, –ü—Ä–æ–¥–∞–µ—Ç—Å—è 4-—Ö –∫–æ–º–Ω–∞—Ç–Ω–∞—è –∫–≤–∞—Ä—Ç–∏—Ä–∞ –≤ –æ—Ç–ª–∏—á–Ω–æ–º —Å–æ—Å—Ç–æ—è–Ω–∏–∏, —É–ª—É—á—à–µ–Ω–Ω–∞—è, —É—Ç–µ–ø–ª—ë–Ω–Ω–∞—è —Å –Ω–∞—Ä—É–∂–∏ –∏ –≤–Ω—É—Ç—Ä–∏. –ö–≤–∞—Ä—Ç–∏—Ä–∞ –∑–∏–º–æ–π –æ—á–µ–Ω‚Ä¶",–•–æ–∑—è–∏–Ω –Ω–µ–¥–≤–∏–∂–∏–º–æ—Å—Ç–∏,–ê–ª–º–∞—Ç—ã,3 –º–∞—Ä.,1,0,0,1,0,0,07-03-2021 08:27:48,"–ø–∞–Ω–µ–ª—å–Ω—ã–π, 1987 –≥.–ø.",1 –∏–∑ 5,"82 –º¬≤, –∂–∏–ª–∞—è ‚Äî 58 –º¬≤, –∫—É—Ö–Ω—è ‚Äî 12 –º¬≤",–µ–≤—Ä–æ—Ä–µ–º–æ–Ω—Ç,—Ä–∞–∑–¥–µ–ª—å–Ω—ã–π,–Ω–µ—Å–∫–æ–ª—å–∫–æ –±–∞–ª–∫–æ–Ω–æ–≤ –∏–ª–∏ –ª–æ–¥–∂–∏–π,–¥–∞,,–º–µ—Ç–∞–ª–ª–∏—á–µ—Å–∫–∞—è,—á–µ—Ä–µ–∑ TV –∫–∞–±–µ–ª—å,—á–∞—Å—Ç–∏—á–Ω–æ –º–µ–±–ª–∏—Ä–æ–≤–∞–Ω–∞,–ª–∞–º–∏–Ω–∞—Ç,,"—Ä–µ—à–µ—Ç–∫–∏ –Ω–∞ –æ–∫–Ω–∞—Ö, –∫–æ–¥–æ–≤—ã–π –∑–∞–º–æ–∫, –≤–∏–¥–µ–æ–Ω–∞–±–ª—é–¥–µ–Ω–∏–µ",,–æ—Ç–¥–µ–ª—å–Ω—ã–π,–≥–∞—Ä–∞–∂,,"–ü–ª–∞—Å—Ç–∏–∫–æ–≤—ã–µ –æ–∫–Ω–∞, —Ç–∏—Ö–∏–π –¥–≤–æ—Ä, –∫–æ–Ω–¥–∏—Ü–∏–æ–Ω–µ—Ä, —É–ª—É—á—à–µ–Ω–Ω–∞—è, –∫–æ–º–Ω–∞—Ç—ã –∏–∑–æ–ª–∏—Ä–æ–≤–∞–Ω—ã, –≤—Å—Ç—Ä–æ–µ–Ω–Ω–∞—è –∫—É—Ö–Ω—è, –Ω–æ–≤–∞—è —Å–∞–Ω—Ç–µ—Ö–Ω–∏–∫–∞.","–ü—Ä–æ–¥–∞–µ—Ç—Å—è 4-—Ö –∫–æ–º–Ω–∞—Ç–Ω–∞—è –∫–≤–∞—Ä—Ç–∏—Ä–∞ –≤ –æ—Ç–ª–∏—á–Ω–æ–º —Å–æ—Å—Ç–æ—è–Ω–∏–∏, —É–ª—É—á—à–µ–Ω–Ω–∞—è, —É—Ç–µ–ø–ª—ë–Ω–Ω–∞—è —Å –Ω–∞—Ä—É–∂–∏ –∏ –≤–Ω—É—Ç—Ä–∏. –ö–≤–∞—Ä—Ç–∏—Ä–∞ –∑–∏–º–æ–π –æ—á–µ–Ω—å —Ç–µ–ø–ª–∞—è, –ª–µ—Ç–æ–º –Ω–µ –∂–∞—Ä–∫–æ. –†—è–¥–æ–º –ø–æ–ª–∏–∫–ª–∏–Ω–∏–∫–∞ —à–∫–æ–ª–∞ —Å–∞–¥"
665518883,2,https://krisha.kz/a/show/665518883,almaty-zhetysuskij,4,"4-–∫–æ–º–Ω–∞—Ç–Ω–∞—è –∫–≤–∞—Ä—Ç–∏—Ä–∞, 84 –º¬≤, 2/5 —ç—Ç–∞–∂",30500000,"–ñ–µ—Ç—ã—Å—É—Å–∫–∏–π —Ä-–Ω, –ì–µ–æ–ª–æ–≥–æ–≤ ‚Äî –°–µ–≤–µ—Ä–Ω–æ–µ –ö–æ–ª—å—Ü–æ","–ø–∞–Ω–µ–ª—å–Ω—ã–π –¥–æ–º, 1989 –≥.–ø., —Å–æ—Å—Ç–æ—è–Ω–∏–µ: —Ö–æ—Ä–æ—à–µ–µ, —Å–∞–Ω—É–∑–µ–ª —Ä–∞–∑–¥–µ–ª—å–Ω—ã–π, –∏–Ω—Ç–µ—Ä–Ω–µ—Ç –æ–ø—Ç–∏–∫–∞, –ø–æ–ª–Ω–æ—Å—Ç—å—é –º–µ–±–ª–∏—Ä–æ–≤–∞–Ω–∞, 4-—Ö –∫–æ–º–Ω–∞—Ç–Ω–∞—è –∫–≤–∞—Ä—Ç–∏—Ä–∞ —Å —É–ª—É—á—à–µ–Ω–Ω–æ–π –ø–ª–∞–Ω–∏—Ä–æ–≤–∫–æ–π. —Ä–∞–∑–≤–∏—Ç–∞—è –∏–Ω—Å—Ñ—Ä–∞—Å—Ç—Ä—É–∫—Ç—É—Ä–∞, —Ä—è–¥–æ–º —à–∫–æ–ª—ã, –¥–µ—Ç—Å–∫–∏–µ —Å–∞–¥—ã, —Ç—Ä—Ü –∏ –º–∞–≥–∞–∑–∏–Ω—ã",–°–ø–µ—Ü–∏–∞–ª–∏—Å—Ç,–ê–ª–º–∞—Ç—ã,2 –º–∞—Ä.,0,0,0,0,0,0,07-03-2021 08:27:49,"–ø–∞–Ω–µ–ª—å–Ω—ã–π, 1989 –≥.–ø.",2 –∏–∑ 5,"84 –º¬≤, –∫—É—Ö–Ω—è ‚Äî 11 –º¬≤",—Ö–æ—Ä–æ—à–µ–µ,—Ä–∞–∑–¥–µ–ª—å–Ω—ã–π,–±–∞–ª–∫–æ–Ω,–¥–∞,,–º–µ—Ç–∞–ª–ª–∏—á–µ—Å–∫–∞—è,–æ–ø—Ç–∏–∫–∞,–ø–æ–ª–Ω–æ—Å—Ç—å—é –º–µ–±–ª–∏—Ä–æ–≤–∞–Ω–∞,,,–¥–æ–º–æ—Ñ–æ–Ω,,,,–Ω–µ—Ç,"–ü–ª–∞—Å—Ç–∏–∫–æ–≤—ã–µ –æ–∫–Ω–∞, –Ω–µ—É–≥–ª–æ–≤–∞—è, —É–ª—É—á—à–µ–Ω–Ω–∞—è, —Å—á—ë—Ç—á–∏–∫–∏, —Ç–∏—Ö–∏–π –¥–≤–æ—Ä.","4-—Ö –∫–æ–º–Ω–∞—Ç–Ω–∞—è –∫–≤–∞—Ä—Ç–∏—Ä–∞ —Å —É–ª—É—á—à–µ–Ω–Ω–æ–π –ø–ª–∞–Ω–∏—Ä–æ–≤–∫–æ–π. —Ä–∞–∑–≤–∏—Ç–∞—è –∏–Ω—Å—Ñ—Ä–∞—Å—Ç—Ä—É–∫—Ç—É—Ä–∞, —Ä—è–¥–æ–º —à–∫–æ–ª—ã, –¥–µ—Ç—Å–∫–∏–µ —Å–∞–¥—ã, —Ç—Ä—Ü –∏ –º–∞–≥–∞–∑–∏–Ω—ã."
665517374,2,https://krisha.kz/a/show/665517374,almaty-zhetysuskij,4,"4-–∫–æ–º–Ω–∞—Ç–Ω–∞—è –∫–≤–∞—Ä—Ç–∏—Ä–∞, 84 –º¬≤, 2/5 —ç—Ç–∞–∂",30500000,"–ñ–µ—Ç—ã—Å—É—Å–∫–∏–π —Ä-–Ω, –ì–µ–æ–ª–æ–≥–æ–≤","–ø–∞–Ω–µ–ª—å–Ω—ã–π –¥–æ–º, 1989 –≥.–ø., —Å–æ—Å—Ç–æ—è–Ω–∏–µ: —Ö–æ—Ä–æ—à–µ–µ, —Å–∞–Ω—É–∑–µ–ª —Ä–∞–∑–¥–µ–ª—å–Ω—ã–π, –∏–Ω—Ç–µ—Ä–Ω–µ—Ç ADSL, –ø–æ–ª–Ω–æ—Å—Ç—å—é –º–µ–±–ª–∏—Ä–æ–≤–∞–Ω–∞, 4-—Ö –∫–æ–º–Ω–∞—Ç–Ω–∞—è –∫–≤–∞—Ä—Ç–∏—Ä–∞ —Å —É–ª—É—á—à–µ–Ω–Ω–æ–π –ø–ª–∞–Ω–∏—Ä–æ–≤–∫–æ–π. —Ä–∞–∑–≤–∏—Ç–∞—è –∏–Ω—Å—Ñ—Ä–∞—Å—Ç—Ä—É–∫—Ç—É—Ä–∞, —Ä—è–¥–æ–º —à–∫–æ–ª—ã, –¥–µ—Ç—Å–∫–∏–µ —Å–∞–¥—ã, —Ç—Ä—Ü –∏ –º–∞–≥–∞–∑–∏–Ω—ã",–°–ø–µ—Ü–∏–∞–ª–∏—Å—Ç,–ê–ª–º–∞—Ç—ã,2 –º–∞—Ä.,0,0,0,0,0,0,07-03-2021 08:27:49,"–ø–∞–Ω–µ–ª—å–Ω—ã–π, 1989 –≥.–ø.",2 –∏–∑ 5,"84 –º¬≤, –∫—É—Ö–Ω—è ‚Äî 11 –º¬≤",—Ö–æ—Ä–æ—à–µ–µ,—Ä–∞–∑–¥–µ–ª—å–Ω—ã–π,,,,–±—Ä–æ–Ω–∏—Ä–æ–≤–∞–Ω–Ω–∞—è,ADSL,–ø–æ–ª–Ω–æ—Å—Ç—å—é –º–µ–±–ª–∏—Ä–æ–≤–∞–Ω–∞,–ª–∞–º–∏–Ω–∞—Ç,,–¥–æ–º–æ—Ñ–æ–Ω,,,—Ä—è–¥–æ–º –æ—Ö—Ä–∞–Ω—è–µ–º–∞—è —Å—Ç–æ—è–Ω–∫–∞,–Ω–µ—Ç,"–ü–ª–∞—Å—Ç–∏–∫–æ–≤—ã–µ –æ–∫–Ω–∞, –Ω–µ—É–≥–ª–æ–≤–∞—è, —É–ª—É—á—à–µ–Ω–Ω–∞—è, –∫–æ–º–Ω–∞—Ç—ã –∏–∑–æ–ª–∏—Ä–æ–≤–∞–Ω—ã, –≤—Å—Ç—Ä–æ–µ–Ω–Ω–∞—è –∫—É—Ö–Ω—è, –Ω–æ–≤–∞—è —Å–∞–Ω—Ç–µ—Ö–Ω–∏–∫–∞, —Å—á—ë—Ç—á–∏–∫–∏, —Ç–∏—Ö–∏–π –¥–≤–æ—Ä.","4-—Ö –∫–æ–º–Ω–∞—Ç–Ω–∞—è –∫–≤–∞—Ä—Ç–∏—Ä–∞ —Å —É–ª—É—á—à–µ–Ω–Ω–æ–π –ø–ª–∞–Ω–∏—Ä–æ–≤–∫–æ–π. —Ä–∞–∑–≤–∏—Ç–∞—è –∏–Ω—Å—Ñ—Ä–∞—Å—Ç—Ä—É–∫—Ç—É—Ä–∞, —Ä—è–¥–æ–º —à–∫–æ–ª—ã, –¥–µ—Ç—Å–∫–∏–µ —Å–∞–¥—ã, —Ç—Ä—Ü –∏ –º–∞–≥–∞–∑–∏–Ω—ã."
665002752,2,https://krisha.kz/a/show/665002752,almaty-zhetysuskij,4,"4-–∫–æ–º–Ω–∞—Ç–Ω–∞—è –∫–≤–∞—Ä—Ç–∏—Ä–∞, 100 –º¬≤, 5/5 —ç—Ç–∞–∂",36000000,"–ñ–µ—Ç—ã—Å—É—Å–∫–∏–π —Ä-–Ω, –º–∫—Ä –ê–π–Ω–∞–±—É–ª–∞–∫-3","–ø–∞–Ω–µ–ª—å–Ω—ã–π –¥–æ–º, 1991 –≥.–ø., —Å–æ—Å—Ç–æ—è–Ω–∏–µ: —Ö–æ—Ä–æ—à–µ–µ, –∂–∏–ª. –ø–ª–æ—â–∞–¥—å 82 –∫–≤.–º., –∫—É—Ö–Ω—è 8.5 –∫–≤.–º., –ø–æ—Ç–æ–ª–∫–∏ 2.8–º., —Å–∞–Ω—É–∑–µ–ª —Ä–∞–∑–¥–µ–ª—å–Ω—ã–π, —Ç–µ–ª–µ—Ñ–æ–Ω: –æ—Ç–¥–µ–ª—å–Ω—ã–π, –∏–Ω—Ç–µ—Ä–Ω–µ—Ç ADSL, –ø–æ–ª–Ω–æ—Å—Ç—å—é –º–µ–±–ª–∏—Ä–æ–≤–∞–Ω–∞, –•–æ—Ä–æ—à–µ–º –º–µ—Å—Ç–µ –ø–æ–ª–æ–∂–µ–Ω–∏–µ, —Ä—è–¥–æ–º —Ä–µ—á–∫–∞, –ª–µ—Ç–æ–º –ø—Ä–æ—Ö–ª–∞–¥–Ω–æ. –®–∫–æ–ª—ã, –¥–µ—Ç—Å–∫–∏–µ —Å–∞–¥—ã, –º–∞–≥–∞–∑–∏–Ω—ã. –û—Ç–ª–∏—á–Ω—ã–µ —Å–æ—Å–µ–¥–∏, –Ω–µ—Ç –∫–≤–∞—Ä—Ç–∏—Ä–∞‚Ä¶",–•–æ–∑—è–∏–Ω –Ω–µ–¥–≤–∏–∂–∏–º–æ—Å—Ç–∏,–ê–ª–º–∞—Ç—ã,2 –º–∞—Ä.,1,0,1,0,0,0,07-03-2021 08:27:50,"–ø–∞–Ω–µ–ª—å–Ω—ã–π, 1991 –≥.–ø.",5 –∏–∑ 5,"100 –º¬≤, –∂–∏–ª–∞—è ‚Äî 82 –º¬≤, –∫—É—Ö–Ω—è ‚Äî 8.5 –º¬≤",—Ö–æ—Ä–æ—à–µ–µ,—Ä–∞–∑–¥–µ–ª—å–Ω—ã–π,,–¥–∞,,–º–µ—Ç–∞–ª–ª–∏—á–µ—Å–∫–∞—è,ADSL,–ø–æ–ª–Ω–æ—Å—Ç—å—é –º–µ–±–ª–∏—Ä–æ–≤–∞–Ω–∞,–ª–∏–Ω–æ–ª–µ—É–º,2.8 –º,"–¥–æ–º–æ—Ñ–æ–Ω, –∫–æ–¥–æ–≤—ã–π –∑–∞–º–æ–∫, —Å–∏–≥–Ω–∞–ª–∏–∑–∞—Ü–∏—è",–í–æ–∑–º–æ–∂–µ–Ω –æ–±–º–µ–Ω,–æ—Ç–¥–µ–ª—å–Ω—ã–π,—Ä—è–¥–æ–º –æ—Ö—Ä–∞–Ω—è–µ–º–∞—è —Å—Ç–æ—è–Ω–∫–∞,–Ω–µ—Ç,,"–•–æ—Ä–æ—à–µ–º –º–µ—Å—Ç–µ –ø–æ–ª–æ–∂–µ–Ω–∏–µ, —Ä—è–¥–æ–º —Ä–µ—á–∫–∞, –ª–µ—Ç–æ–º –ø—Ä–æ—Ö–ª–∞–¥–Ω–æ. –®–∫–æ–ª—ã, –¥–µ—Ç—Å–∫–∏–µ —Å–∞–¥—ã, –º–∞–≥–∞–∑–∏–Ω—ã. –û—Ç–ª–∏—á–Ω—ã–µ —Å–æ—Å–µ–¥–∏, –Ω–µ—Ç –∫–≤–∞—Ä—Ç–∏—Ä–∞–Ω—Ç–æ–≤. –ü–æ –∫–≤–∞—Ä—Ç–∏—Ä–µ, –¥–µ–ª–∞–ª–∏ —Ä–µ–º–æ–Ω—Ç –¥–ª—è —Å–µ–±—è, –º–µ–±–µ–ª—å –≤—Å—è –æ—Å—Ç–∞—ë—Ç—Å—è. –î–æ–ø–æ–ª–Ω–∏—Ç–µ–ª—å–Ω–æ –µ—Å—Ç—å –∫–ª–∞–¥–æ–≤–∫–∞. 2 –±–∞–ª–∫–æ–Ω–∞, 2 –ª–æ–¥–∂–∏–∏. –í—Å–µ –¥–ª—è –±–æ–ª—å—à–æ–π —Å–µ–º—å–∏. 
–í–æ–∑–º–æ–∂–µ–Ω –æ–±–º–µ–Ω –Ω–∞ 2—Ö –∫–æ–º–Ω–∞—Ç–Ω—É—é –∫–≤–∞—Ä—Ç–∏—Ä—É —Å –¥–æ–ø–ª–∞—Ç–æ–π ."
664838235,2,https://krisha.kz/a/show/664838235,almaty-zhetysuskij,4,"4-–∫–æ–º–Ω–∞—Ç–Ω–∞—è –∫–≤–∞—Ä—Ç–∏—Ä–∞, 90 –º¬≤, 3/5 —ç—Ç–∞–∂",37000000,"–ñ–µ—Ç—ã—Å—É—Å–∫–∏–π —Ä-–Ω, –º–∫—Ä –ö—É–ª–∞–≥–µ—Ä 11","1988 –≥.–ø., —Å–æ—Å—Ç–æ—è–Ω–∏–µ: –µ–≤—Ä–æ—Ä–µ–º–æ–Ω—Ç, –∂–∏–ª. –ø–ª–æ—â–∞–¥—å 86 –∫–≤.–º., –∫—É—Ö–Ω—è 11 –∫–≤.–º., –ø–æ—Ç–æ–ª–∫–∏ 2.6–º., —Å–∞–Ω—É–∑–µ–ª —Ä–∞–∑–¥–µ–ª—å–Ω—ã–π, —Ç–µ–ª–µ—Ñ–æ–Ω: –æ—Ç–¥–µ–ª—å–Ω—ã–π, –∏–Ω—Ç–µ—Ä–Ω–µ—Ç –æ–ø—Ç–∏–∫–∞, –ü—Ä–æ–¥–∞–µ—Ç—Å—è 4 –∫–æ–º–Ω–∞—Ç–Ω–∞—è –∫–≤–∞—Ä—Ç–∏—Ä–∞ —Å —Ä–µ–º–æ–Ω—Ç–æ–º. –ö–æ–º–Ω–∞—Ç—ã –≤—Å–µ –∏–∑–æ–ª–∏—Ä–æ–≤–∞–Ω—ã, 2 –±–∞–ª–∫–æ–Ω–∞ –∑–∞—Å—Ç–µ–∫–ª–µ–Ω—ã. –ù–∞ –±–∞–ª–∫–æ–Ω–µ 2 —à–∫–∞—Ñ–∞ –¥–æ –ø–æ—Ç–æ–ª–∫–∞. –ò–º–µ–µ—Ç—Å—è –∫–ª–∞–¥–æ–≤–∞—è –∫–æ–º–Ω–∞—Ç–∞. –°—á—ë—Ç—á–∏‚Ä¶",–•–æ–∑—è–∏–Ω –Ω–µ–¥–≤–∏–∂–∏–º–æ—Å—Ç–∏,–ê–ª–º–∞—Ç—ã,2 –º–∞—Ä.,0,0,0,0,0,0,07-03-2021 08:27:51,1988 –≥.–ø.,3 –∏–∑ 5,"90 –º¬≤, –∂–∏–ª–∞—è ‚Äî 86 –º¬≤, –∫—É—Ö–Ω—è ‚Äî 11 –º¬≤",–µ–≤—Ä–æ—Ä–µ–º–æ–Ω—Ç,—Ä–∞–∑–¥–µ–ª—å–Ω—ã–π,–Ω–µ—Å–∫–æ–ª—å–∫–æ –±–∞–ª–∫–æ–Ω–æ–≤ –∏–ª–∏ –ª–æ–¥–∂–∏–π,–¥–∞,,–º–µ—Ç–∞–ª–ª–∏—á–µ—Å–∫–∞—è,–æ–ø—Ç–∏–∫–∞,,–ª–∞–º–∏–Ω–∞—Ç,2.6 –º,"–¥–æ–º–æ—Ñ–æ–Ω, –≤–∏–¥–µ–æ–Ω–∞–±–ª—é–¥–µ–Ω–∏–µ",,–æ—Ç–¥–µ–ª—å–Ω—ã–π,—Ä—è–¥–æ–º –æ—Ö—Ä–∞–Ω—è–µ–º–∞—è —Å—Ç–æ—è–Ω–∫–∞,–Ω–µ—Ç,"–ü–ª–∞—Å—Ç–∏–∫–æ–≤—ã–µ –æ–∫–Ω–∞, —É–ª—É—á—à–µ–Ω–Ω–∞—è, –∫–æ–º–Ω–∞—Ç—ã –∏–∑–æ–ª–∏—Ä–æ–≤–∞–Ω—ã, –≤—Å—Ç—Ä–æ–µ–Ω–Ω–∞—è –∫—É—Ö–Ω—è, –Ω–æ–≤–∞—è —Å–∞–Ω—Ç–µ—Ö–Ω–∏–∫–∞, –∫–ª–∞–¥–æ–≤–∫–∞, —Å—á—ë—Ç—á–∏–∫–∏, —Ç–∏—Ö–∏–π –¥–≤–æ—Ä.","–ü—Ä–æ–¥–∞–µ—Ç—Å—è 4 –∫–æ–º–Ω–∞—Ç–Ω–∞—è –∫–≤–∞—Ä—Ç–∏—Ä–∞ —Å —Ä–µ–º–æ–Ω—Ç–æ–º. –ö–æ–º–Ω–∞—Ç—ã –≤—Å–µ –∏–∑–æ–ª–∏—Ä–æ–≤–∞–Ω—ã, 2 –±–∞–ª–∫–æ–Ω–∞ –∑–∞—Å—Ç–µ–∫–ª–µ–Ω—ã. –ù–∞ –±–∞–ª–∫–æ–Ω–µ 2 —à–∫–∞—Ñ–∞ –¥–æ –ø–æ—Ç–æ–ª–∫–∞. –ò–º–µ–µ—Ç—Å—è –∫–ª–∞–¥–æ–≤–∞—è –∫–æ–º–Ω–∞—Ç–∞. –°—á—ë—Ç—á–∏–∫–∏ –Ω–æ–≤—ã–µ, —Å–∞–Ω—Ç–µ—Ö–Ω–∏–∫–∞ –Ω–æ–≤–∞—è. –ö–≤–∞—Ä—Ç–∏—Ä–∞ —Ç–µ–ø–ª–∞—è, —Å–≤–µ—Ç–ª–∞—è. –ü–æ–ª –ª–∞–º–∏–Ω–∞—Ç."
665514877,3,https://krisha.kz/a/show/665514877,almaty-zhetysuskij,4,"4-–∫–æ–º–Ω–∞—Ç–Ω–∞—è –∫–≤–∞—Ä—Ç–∏—Ä–∞, 84 –º¬≤, 2/5 —ç—Ç–∞–∂",30500000,"–ñ–µ—Ç—ã—Å—É—Å–∫–∏–π —Ä-–Ω, –ì–µ–æ–ª–æ–≥–æ–≤","–ø–∞–Ω–µ–ª—å–Ω—ã–π –¥–æ–º, 1989 –≥.–ø., —Å–æ—Å—Ç–æ—è–Ω–∏–µ: —Ö–æ—Ä–æ—à–µ–µ, –∂–∏–ª. –ø–ª–æ—â–∞–¥—å 53.7 –∫–≤.–º., –∫—É—Ö–Ω—è 11 –∫–≤.–º., —Å–∞–Ω—É–∑–µ–ª —Ä–∞–∑–¥–µ–ª—å–Ω—ã–π, —á–∞—Å—Ç–∏—á–Ω–æ –º–µ–±–ª–∏—Ä–æ–≤–∞–Ω–∞, –≠–∫—Å–∫–ª—é–∑–∏–≤–Ω–æ–µ –ø—Ä–µ–¥–ª–æ–∂–µ–Ω–∏–µ –æ—Ç –ê–≥–µ–Ω—Ç—Å—Ç–≤–∞ –ù–µ–¥–≤–∏–∂–∏–º–æ—Å—Ç–∏ –ê—Ç—Ä–∏—É–º! –ü—Ä–æ–¥–∞–µ—Ç—Å—è 4—Ö –∫–æ–º–Ω–∞—Ç–Ω–∞—è –∫–≤–∞—Ä—Ç–∏—Ä–∞ –≤ –ø—Ä–µ–∫—Ä–∞—Å–Ω–æ–º —Å–æ—Å—Ç–æ—è–Ω–∏–∏! –ß–∞—Å—Ç–∏—á–Ω–æ –º–µ–±–ª–∏—Ä–æ–≤–∞–Ω–Ω–∞—è! –û–¥–∏–Ω –∏–∑ —Å–∞–º—ã—Ö –≤–æ—Å—Ç—Ä–µ–±–æ–≤–∞–Ω–Ω‚Ä¶",–°–ø–µ—Ü–∏–∞–ª–∏—Å—Ç,–ê–ª–º–∞—Ç—ã,2 –º–∞—Ä.,0,0,0,0,0,0,07-03-2021 08:27:55,"–ø–∞–Ω–µ–ª—å–Ω—ã–π, 1989 –≥.–ø.",2 –∏–∑ 5,"84 –º¬≤, –∂–∏–ª–∞—è ‚Äî 53.7 –º¬≤, –∫—É—Ö–Ω—è ‚Äî 11 –º¬≤",—Ö–æ—Ä–æ—à–µ–µ,—Ä–∞–∑–¥–µ–ª—å–Ω—ã–π,,,,,,—á–∞—Å—Ç–∏—á–Ω–æ –º–µ–±–ª–∏—Ä–æ–≤–∞–Ω–∞,,,,,,,–Ω–µ—Ç,,"–≠–∫—Å–∫–ª—é–∑–∏–≤–Ω–æ–µ –ø—Ä–µ–¥–ª–æ–∂–µ–Ω–∏–µ –æ—Ç –ê–≥–µ–Ω—Ç—Å—Ç–≤–∞ –ù–µ–¥–≤–∏–∂–∏–º–æ—Å—Ç–∏ –ê—Ç—Ä–∏—É–º! –ü—Ä–æ–¥–∞–µ—Ç—Å—è 4—Ö –∫–æ–º–Ω–∞—Ç–Ω–∞—è –∫–≤–∞—Ä—Ç–∏—Ä–∞ –≤ –ø—Ä–µ–∫—Ä–∞—Å–Ω–æ–º —Å–æ—Å—Ç–æ—è–Ω–∏–∏! –ß–∞—Å—Ç–∏—á–Ω–æ –º–µ–±–ª–∏—Ä–æ–≤–∞–Ω–Ω–∞—è! –û–¥–∏–Ω –∏–∑ —Å–∞–º—ã—Ö –≤–æ—Å—Ç—Ä–µ–±–æ–≤–∞–Ω–Ω—ã—Ö –º–∏–∫—Ä–æ—Ä–∞–π–æ–Ω–æ–≤! –¢–∏—Ö–∏–π –¥–≤–æ—Ä! –í—Å–µ –≤ —à–∞–≥–æ–≤–æ–π –¥–æ—Å—Ç—É–ø–Ω–æ—Å—Ç–∏! –®–∫–æ–ª—ã, –¥–µ—Ç—Å–∫–∏–µ —Å–∞–¥—ã, —Å—É–ø–µ—Ä–º–∞—Ä–∫–µ—Ç—ã, –±–∞–∑–∞—Ä, –ø–æ–ª–∏–∫–ª–∏–Ω–∏–∫–∞! –õ—É—á—à–∞—è —Ü–µ–Ω–∞! –¢–û–†–û–ü–ò–¢–ï–°–¨!"
663248241,3,https://krisha.kz/a/show/663248241,almaty-zhetysuskij,4,"4-–∫–æ–º–Ω–∞—Ç–Ω–∞—è –∫–≤–∞—Ä—Ç–∏—Ä–∞, 82.2 –º¬≤, 1/5 —ç—Ç–∞–∂",28500000,"–ñ–µ—Ç—ã—Å—É—Å–∫–∏–π —Ä-–Ω, –ø—Ä–æ—Å–ø–µ–∫—Ç –†—ã—Å–∫—É–ª–æ–≤–∞ ‚Äî –ñ–∞–Ω—Å—É–≥—É—Ä–æ–≤–∞","–∫–∏—Ä–ø–∏—á–Ω—ã–π –¥–æ–º, 1987 –≥.–ø., —Å–æ—Å—Ç–æ—è–Ω–∏–µ: –µ–≤—Ä–æ—Ä–µ–º–æ–Ω—Ç, —Å–∞–Ω—É–∑–µ–ª —Ä–∞–∑–¥–µ–ª—å–Ω—ã–π, —Ç–µ–ª–µ—Ñ–æ–Ω: –æ—Ç–¥–µ–ª—å–Ω—ã–π, –∏–Ω—Ç–µ—Ä–Ω–µ—Ç ADSL, —á–∞—Å—Ç–∏—á–Ω–æ –º–µ–±–ª–∏—Ä–æ–≤–∞–Ω–∞, –ü—Ä–æ–¥–∞–µ—Ç—Å—è —Å–≤–µ—Ç–ª–∞—è, —É—é—Ç–Ω–∞—è, —Ç–µ–ø–ª–∞—è, –ø—Ä–æ—Å—Ç–æ—Ä–Ω–∞—è –∫–≤–∞—Ä—Ç–∏—Ä–∞. –ö–≤–∞—Ä—Ç–∏—Ä–∞ –æ—á–µ–Ω—å —Ç–µ–ø–ª–∞—è, –Ω–µ—Å–º–æ—Ç—Ä—è –Ω–∞ —Ç–æ, —á—Ç–æ —É–≥–ª–æ–≤–∞—è (—Å—Ç–µ–Ω—ã –¥–æ–ø–æ–ª–Ω–∏—Ç–µ–ª—å–Ω–æ –±—ã–ª–∏ —É—Ç–µ–ø–ª–µ–Ω—ã —Å–Ω–∞—Ä—É–∂–∏). –û—á–µ–Ω—å —Ö–æ—Ä–æ—à–∏–π, –±–æ–ª—å—à‚Ä¶",–ü—Ä–æ–≤–µ—Ä–µ–Ω–Ω—ã–π —Å–ø–µ—Ü–∏–∞–ª–∏—Å—Ç,–ê–ª–º–∞—Ç—ã,2 –º–∞—Ä.,0,0,0,0,0,0,07-03-2021 08:27:56,"–∫–∏—Ä–ø–∏—á–Ω—ã–π, 1987 –≥.–ø.",1 –∏–∑ 5,"82.2 –º¬≤, –∫—É—Ö–Ω—è ‚Äî 10.2 –º¬≤",–µ–≤—Ä–æ—Ä–µ–º–æ–Ω—Ç,—Ä–∞–∑–¥–µ–ª—å–Ω—ã–π,–Ω–µ—Å–∫–æ–ª—å–∫–æ –±–∞–ª–∫–æ–Ω–æ–≤ –∏–ª–∏ –ª–æ–¥–∂–∏–π,–¥–∞,,–º–µ—Ç–∞–ª–ª–∏—á–µ—Å–∫–∞—è,ADSL,—á–∞—Å—Ç–∏—á–Ω–æ –º–µ–±–ª–∏—Ä–æ–≤–∞–Ω–∞,–ª–∏–Ω–æ–ª–µ—É–º,,"—Ä–µ—à–µ—Ç–∫–∏ –Ω–∞ –æ–∫–Ω–∞—Ö, –¥–æ–º–æ—Ñ–æ–Ω, –≤–∏–¥–µ–æ–Ω–∞–±–ª—é–¥–µ–Ω–∏–µ",,–æ—Ç–¥–µ–ª—å–Ω—ã–π,—Ä—è–¥–æ–º –æ—Ö—Ä–∞–Ω—è–µ–º–∞—è —Å—Ç–æ—è–Ω–∫–∞,–Ω–µ—Ç,"–ü–ª–∞—Å—Ç–∏–∫–æ–≤—ã–µ –æ–∫–Ω–∞, —É–ª—É—á—à–µ–Ω–Ω–∞—è, –∫–æ–º–Ω–∞—Ç—ã –∏–∑–æ–ª–∏—Ä–æ–≤–∞–Ω—ã, –≤—Å—Ç—Ä–æ–µ–Ω–Ω–∞—è –∫—É—Ö–Ω—è, —Å—á—ë—Ç—á–∏–∫–∏, —Ç–∏—Ö–∏–π –¥–≤–æ—Ä, —É–¥–æ–±–Ω–æ –ø–æ–¥ –∫–æ–º–º–µ—Ä—Ü–∏—é.","–ü—Ä–æ–¥–∞–µ—Ç—Å—è —Å–≤–µ—Ç–ª–∞—è, —É—é—Ç–Ω–∞—è, —Ç–µ–ø–ª–∞—è, –ø—Ä–æ—Å—Ç–æ—Ä–Ω–∞—è –∫–≤–∞—Ä—Ç–∏—Ä–∞. –ö–≤–∞—Ä—Ç–∏—Ä–∞ –æ—á–µ–Ω—å —Ç–µ–ø–ª–∞—è, –Ω–µ—Å–º–æ—Ç—Ä—è –Ω–∞ —Ç–æ, —á—Ç–æ —É–≥–ª–æ–≤–∞—è (—Å—Ç–µ–Ω—ã –¥–æ–ø–æ–ª–Ω–∏—Ç–µ–ª—å–Ω–æ –±—ã–ª–∏ —É—Ç–µ–ø–ª–µ–Ω—ã —Å–Ω–∞—Ä—É–∂–∏). –û—á–µ–Ω—å —Ö–æ—Ä–æ—à–∏–π, –±–æ–ª—å—à–æ–π –¥–≤–æ—Ä, –∑–∞–º–µ—á–∞—Ç–µ–ª—å–Ω—ã–µ —Å–æ—Å–µ–¥–∏. –†—è–¥–æ–º –ø—Ä–æ–¥—É–∫—Ç–æ–≤—ã–µ –º–∞–≥–∞–∑–∏–Ω—ã, –æ—Ö—Ä–∞–Ω—è–µ–º–∞—è —Å—Ç–æ—è–Ω–∫–∞, —à–∫–æ–ª–∞."
665133903,3,https://krisha.kz/a/show/665133903,almaty-zhetysuskij,4,"4-–∫–æ–º–Ω–∞—Ç–Ω–∞—è –∫–≤–∞—Ä—Ç–∏—Ä–∞, 75 –º¬≤, 4/5 —ç—Ç–∞–∂",31000000,"–ñ–µ—Ç—ã—Å—É—Å–∫–∏–π —Ä-–Ω, –º–∫—Ä –ê–π–Ω–∞–±—É–ª–∞–∫-1, –ú–∫—Ä –ê–π–Ω–∞–±—É–ª–∞–∫-1 28","–ø–∞–Ω–µ–ª—å–Ω—ã–π –¥–æ–º, 1982 –≥.–ø., —Å–æ—Å—Ç–æ—è–Ω–∏–µ: —Ö–æ—Ä–æ—à–µ–µ, –ø–æ—Ç–æ–ª–∫–∏ 2.6–º., —Å–∞–Ω—É–∑–µ–ª —Ä–∞–∑–¥–µ–ª—å–Ω—ã–π, —Ç–µ–ª–µ—Ñ–æ–Ω: –æ—Ç–¥–µ–ª—å–Ω—ã–π, —á–∞—Å—Ç–∏—á–Ω–æ –º–µ–±–ª–∏—Ä–æ–≤–∞–Ω–∞, –ü—Ä–æ–¥–∞–º –∫–≤–∞—Ä—Ç–∏—Ä—É 4 –∫–æ–º–Ω–∞—Ç–Ω—É—é. –≤ —Ö–æ—Ä–æ—à–µ–º —Å–æ—Å—Ç–æ—è–Ω–∏–µ. —Ç–æ—Ä–≥ –Ω–µ –±–æ–ª—å—à–æ–π –±—É–¥–µ—Ç. –≤ –ø—Ä–µ–¥–µ–ª–∞—Ö —Ä–∞–∑—É–º–Ω–æ–≥–æ. —Å–∞–Ω. —É–∑–µ–ª —Ä–∞–∑–¥–µ–ª—å–Ω—ã–π. –Ω–µ —É–≥–ª–æ–≤–∞—è. —Ç–µ–ø–ª–∞—è. –†–∏—ç–ª—Ç–æ—Ä–æ–≤ ghie –Ω–µ –±–µ—Å–ø–æ–∫–æ–∏—Ç—å !",–•–æ–∑—è–∏–Ω –Ω–µ–¥–≤–∏–∂–∏–º–æ—Å—Ç–∏,–ê–ª–º–∞—Ç—ã,2 –º–∞—Ä.,0,0,0,0,0,0,07-03-2021 08:27:57,"–ø–∞–Ω–µ–ª—å–Ω—ã–π, 1982 –≥.–ø.",4 –∏–∑ 5,75 –º¬≤,—Ö–æ—Ä–æ—à–µ–µ,—Ä–∞–∑–¥–µ–ª—å–Ω—ã–π,–±–∞–ª–∫–æ–Ω,–Ω–µ—Ç,,–º–µ—Ç–∞–ª–ª–∏—á–µ—Å–∫–∞—è,,—á–∞—Å—Ç–∏—á–Ω–æ –º–µ–±–ª–∏—Ä–æ–≤–∞–Ω–∞,–ª–∏–Ω–æ–ª–µ—É–º,2.6 –º,"–¥–æ–º–æ—Ñ–æ–Ω, –≤–∏–¥–µ–æ–Ω–∞–±–ª—é–¥–µ–Ω–∏–µ",,–æ—Ç–¥–µ–ª—å–Ω—ã–π,–ø–∞—Ä–∫–∏–Ω–≥,–Ω–µ—Ç,"–ù–µ—É–≥–ª–æ–≤–∞—è, —Ç–∏—Ö–∏–π –¥–≤–æ—Ä.",–ü—Ä–æ–¥–∞–º –∫–≤–∞—Ä—Ç–∏—Ä—É 4 –∫–æ–º–Ω–∞—Ç–Ω—É—é. –≤ —Ö–æ—Ä–æ—à–µ–º —Å–æ—Å—Ç–æ—è–Ω–∏–µ. —Ç–æ—Ä–≥ –Ω–µ –±–æ–ª—å—à–æ–π –±—É–¥–µ—Ç. –≤ –ø—Ä–µ–¥–µ–ª–∞—Ö —Ä–∞–∑—É–º–Ω–æ–≥–æ. —Å–∞–Ω. —É–∑–µ–ª —Ä–∞–∑–¥–µ–ª—å–Ω—ã–π. –Ω–µ —É–≥–ª–æ–≤–∞—è. —Ç–µ–ø–ª–∞—è. –†–∏—ç–ª—Ç–æ—Ä–æ–≤ ghie –Ω–µ –±–µ—Å–ø–æ–∫–æ–∏—Ç—å !
665333433,3,https://krisha.kz/a/show/665333433,almaty-zhetysuskij,4,"4-–∫–æ–º–Ω–∞—Ç–Ω–∞—è –∫–≤–∞—Ä—Ç–∏—Ä–∞, 102 –º¬≤, 1/4 —ç—Ç–∞–∂",32000000,"–ñ–µ—Ç—ã—Å—É—Å–∫–∏–π —Ä-–Ω, –¢—É–∑–æ–≤–∞","–∫–∏—Ä–ø–∏—á–Ω—ã–π –¥–æ–º, 1985 –≥.–ø., —Å–æ—Å—Ç–æ—è–Ω–∏–µ: –µ–≤—Ä–æ—Ä–µ–º–æ–Ω—Ç, –ø–æ—Ç–æ–ª–∫–∏ 2.85–º., —Å–∞–Ω—É–∑–µ–ª 2 —Å/—É –∏ –±–æ–ª–µ–µ, —Ç–µ–ª–µ—Ñ–æ–Ω: –æ—Ç–¥–µ–ª—å–Ω—ã–π, –∏–Ω—Ç–µ—Ä–Ω–µ—Ç ADSL, —á–∞—Å—Ç–∏—á–Ω–æ –º–µ–±–ª–∏—Ä–æ–≤–∞–Ω–∞, –í–Ω–∏–º–∞–Ω–∏–µ –≠–∫—Å–∫–ª—é–∑–∏–≤–Ω–æ–µ –ø—Ä–µ–¥–ª–æ–∂–µ–Ω–∏–µ –ø—Ä–æ–¥–∞–µ—Ç—Å—è —É–Ω–∏–∫–∞–ª—å–Ω—ã–π –≤–∞—Ä–∏–∞–Ω—Ç –∏–∑ –¥–≤—É—Ö –∫–≤–∞—Ä—Ç–∏—Ä —Å–¥–µ–ª–∞–ª–∏ –æ–¥–Ω—É 5-—Ç–∏ –∫–æ–º–Ω–∞—Ç–Ω—É—é –æ—á–µ–Ω—å –ø—Ä–æ—Å—Ç–æ—Ä–Ω—É—é, 2 —Å/—É –∏ —Ö–æ—Ä–æ—à–∏–π —Ä–µ–º–æ–Ω—Ç –∫–æ—Ç–æ—Ä—ã‚Ä¶",–°–ø–µ—Ü–∏–∞–ª–∏—Å—Ç,–ê–ª–º–∞—Ç—ã,2 –º–∞—Ä.,1,0,0,0,0,0,07-03-2021 08:27:58,"–∫–∏—Ä–ø–∏—á–Ω—ã–π, 1985 –≥.–ø.",1 –∏–∑ 4,102 –º¬≤,–µ–≤—Ä–æ—Ä–µ–º–æ–Ω—Ç,2 —Å/—É –∏ –±–æ–ª–µ–µ,–±–∞–ª–∫–æ–Ω,–¥–∞,,–±—Ä–æ–Ω–∏—Ä–æ–≤–∞–Ω–Ω–∞—è,ADSL,—á–∞—Å—Ç–∏—á–Ω–æ –º–µ–±–ª–∏—Ä–æ–≤–∞–Ω–∞,–ª–∞–º–∏–Ω–∞—Ç,2.85 –º,"–¥–æ–º–æ—Ñ–æ–Ω, –≤–∏–¥–µ–æ–Ω–∞–±–ª—é–¥–µ–Ω–∏–µ",,–æ—Ç–¥–µ–ª—å–Ω—ã–π,—Ä—è–¥–æ–º –æ—Ö—Ä–∞–Ω—è–µ–º–∞—è —Å—Ç–æ—è–Ω–∫–∞,–Ω–µ—Ç,"–ü–ª–∞—Å—Ç–∏–∫–æ–≤—ã–µ –æ–∫–Ω–∞, –Ω–µ—É–≥–ª–æ–≤–∞—è, —É–ª—É—á—à–µ–Ω–Ω–∞—è, –∫–æ–º–Ω–∞—Ç—ã –∏–∑–æ–ª–∏—Ä–æ–≤–∞–Ω—ã, –Ω–æ–≤–∞—è —Å–∞–Ω—Ç–µ—Ö–Ω–∏–∫–∞, —Å—á—ë—Ç—á–∏–∫–∏, —Ç–∏—Ö–∏–π –¥–≤–æ—Ä, –∫–æ–Ω–¥–∏—Ü–∏–æ–Ω–µ—Ä.","–í–Ω–∏–º–∞–Ω–∏–µ –≠–∫—Å–∫–ª—é–∑–∏–≤–Ω–æ–µ –ø—Ä–µ–¥–ª–æ–∂–µ–Ω–∏–µ –ø—Ä–æ–¥–∞–µ—Ç—Å—è —É–Ω–∏–∫–∞–ª—å–Ω—ã–π –≤–∞—Ä–∏–∞–Ω—Ç –∏–∑ –¥–≤—É—Ö –∫–≤–∞—Ä—Ç–∏—Ä —Å–¥–µ–ª–∞–ª–∏ –æ–¥–Ω—É 5-—Ç–∏ –∫–æ–º–Ω–∞—Ç–Ω—É—é –æ—á–µ–Ω—å –ø—Ä–æ—Å—Ç–æ—Ä–Ω—É—é, 2 —Å/—É –∏ —Ö–æ—Ä–æ—à–∏–π —Ä–µ–º–æ–Ω—Ç –∫–æ—Ç–æ—Ä—ã–π –¥–µ–ª–∞–ª–∏ –¥–ª—è —Å–µ–±—è"
664924720,3,https://krisha.kz/a/show/664924720,almaty-zhetysuskij,4,"4-–∫–æ–º–Ω–∞—Ç–Ω–∞—è –∫–≤–∞—Ä—Ç–∏—Ä–∞, 78 –º¬≤, 4/5 —ç—Ç–∞–∂",32000000,"–ñ–µ—Ç—ã—Å—É—Å–∫–∏–π —Ä-–Ω, –º–∫—Ä –ê–π–Ω–∞–±—É–ª–∞–∫-2 45","–ø–∞–Ω–µ–ª—å–Ω—ã–π –¥–æ–º, 1986 –≥.–ø., —Å–æ—Å—Ç–æ—è–Ω–∏–µ: —Å—Ä–µ–¥–Ω–µ–µ, –∂–∏–ª. –ø–ª–æ—â–∞–¥—å 64 –∫–≤.–º., –∫—É—Ö–Ω—è 12 –∫–≤.–º., –ø–æ—Ç–æ–ª–∫–∏ 2.8–º., —Å–∞–Ω—É–∑–µ–ª —Ä–∞–∑–¥–µ–ª—å–Ω—ã–π, –∏–Ω—Ç–µ—Ä–Ω–µ—Ç ADSL, –¢–∏—Ö–∏–π —É—é—Ç–Ω—ã–π –¥–≤–æ—Ä, –∑–∞ –æ–∫–Ω–æ–º –∫—Ä–∞—Å–∏–≤—ã–π –ê—Ä–±–∞—Ç, –≤ 5 –º–∏–Ω—É—Ç–∞—Ö –æ—Ç –¥–æ–º–∞ —à–∫–æ–ª–∞ –∏ –¥–µ—Ç —Å–∞–¥! –ü–æ–ª–∏–∫–ª–∏–Ω–∏–∫–∞, —Å—É–ø–µ—Ä–º–∞—Ä–∫–µ—Ç—ã, –±–æ–ª—å—à–æ–µ –∞–≤—Ç–æ–±—É—Å–Ω–æ–µ —Å–æ–æ–±—â–µ–Ω–∏–µ- –≤ –ª—é–±—É—é —Ç–æ—á–∫—É –≥–æ—Ä–æ–¥–∞! –ë–æ–ª‚Ä¶",–•–æ–∑—è–∏–Ω –Ω–µ–¥–≤–∏–∂–∏–º–æ—Å—Ç–∏,–ê–ª–º–∞—Ç—ã,2 –º–∞—Ä.,1,0,0,1,0,0,07-03-2021 08:27:58,"–ø–∞–Ω–µ–ª—å–Ω—ã–π, 1986 –≥.–ø.",4 –∏–∑ 5,"78 –º¬≤, –∂–∏–ª–∞—è ‚Äî 64 –º¬≤, –∫—É—Ö–Ω—è ‚Äî 12 –º¬≤",—Å—Ä–µ–¥–Ω–µ–µ,—Ä–∞–∑–¥–µ–ª—å–Ω—ã–π,–Ω–µ—Å–∫–æ–ª—å–∫–æ –±–∞–ª–∫–æ–Ω–æ–≤ –∏–ª–∏ –ª–æ–¥–∂–∏–π,,,,ADSL,,–ª–∏–Ω–æ–ª–µ—É–º,2.8 –º,,,,,,"–ü–ª–∞—Å—Ç–∏–∫–æ–≤—ã–µ –æ–∫–Ω–∞, –Ω–µ—É–≥–ª–æ–≤–∞—è, —É–ª—É—á—à–µ–Ω–Ω–∞—è, –∫–æ–º–Ω–∞—Ç—ã –∏–∑–æ–ª–∏—Ä–æ–≤–∞–Ω—ã, –∫–ª–∞–¥–æ–≤–∫–∞, —Ç–∏—Ö–∏–π –¥–≤–æ—Ä.","–¢–∏—Ö–∏–π —É—é—Ç–Ω—ã–π –¥–≤–æ—Ä, –∑–∞ –æ–∫–Ω–æ–º –∫—Ä–∞—Å–∏–≤—ã–π –ê—Ä–±–∞—Ç, –≤ 5 –º–∏–Ω—É—Ç–∞—Ö –æ—Ç –¥–æ–º–∞ —à–∫–æ–ª–∞ –∏ –¥–µ—Ç —Å–∞–¥! –ü–æ–ª–∏–∫–ª–∏–Ω–∏–∫–∞, —Å—É–ø–µ—Ä–º–∞—Ä–∫–µ—Ç—ã, –±–æ–ª—å—à–æ–µ –∞–≤—Ç–æ–±—É—Å–Ω–æ–µ —Å–æ–æ–±—â–µ–Ω–∏–µ- –≤ –ª—é–±—É—é —Ç–æ—á–∫—É –≥–æ—Ä–æ–¥–∞! –ë–æ–ª–µ–µ 25–ª–µ—Ç —É –æ–¥–Ω–∏—Ö —Ö–æ–∑—è–µ–≤! –†–µ–∞–ª—å–Ω–æ–º—É –ø–æ–∫—É–ø–∞—Ç–µ–ª—é - —Ö–æ—Ä–æ—à–∞—è —Å–∫–∏–¥–∫–∞!"
665021066,3,https://krisha.kz/a/show/665021066,almaty-zhetysuskij,4,"4-–∫–æ–º–Ω–∞—Ç–Ω–∞—è –∫–≤–∞—Ä—Ç–∏—Ä–∞, 78 –º¬≤, 4/5 —ç—Ç–∞–∂",31999999,"–ñ–µ—Ç—ã—Å—É—Å–∫–∏–π —Ä-–Ω, –º–∫—Ä –ê–π–Ω–∞–±—É–ª–∞–∫-2, –ú–∫—Ä –ê–π–Ω–∞–±—É–ª–∞–∫-2","–ø–∞–Ω–µ–ª—å–Ω—ã–π –¥–æ–º, 1982 –≥.–ø., —Å–æ—Å—Ç–æ—è–Ω–∏–µ: —Ö–æ—Ä–æ—à–µ–µ, –∂–∏–ª. –ø–ª–æ—â–∞–¥—å 51 –∫–≤.–º., –∫—É—Ö–Ω—è 11 –∫–≤.–º., —Å–∞–Ω—É–∑–µ–ª —Ä–∞–∑–¥–µ–ª—å–Ω—ã–π, –ü—Ä–æ–¥–∞–µ—Ç—Å—è –∫–≤–∞—Ä—Ç–∏—Ä–∞ –≤ –º–∫—Ä. –ê–π–Ω–∞–±—É–ª–∞–∫-2. –†–∞–∑–≤–∏—Ç–∞—è –∏–Ω—Ñ—Ä–∞—Å—Ç—Ä—É–∫—Ç—É—Ä–∞, –¥–µ—Ç—Å–∫–∏–µ —Å–∞–¥—ã, —à–∫–æ–ª—ã, –º–∞–≥–∞–∑–∏–Ω—ã, –±–∞–∑–∞—Ä—ã. –í —à–∞–≥–æ–≤–æ–π –¥–æ—Å—Ç—É–ø–Ω–æ—Å—Ç–∏ –¥–µ—Ç—Å–∫–∏–µ –ø–ª–æ—â–∞–¥–∫–∏, —Å–∫–≤–µ—Ä—ã",–°–ø–µ—Ü–∏–∞–ª–∏—Å—Ç,–ê–ª–º–∞—Ç—ã,1 –º–∞—Ä.,0,0,0,0,0,0,07-03-2021 08:27:59,"–ø–∞–Ω–µ–ª—å–Ω—ã–π, 1982 –≥.–ø.",4 –∏–∑ 5,"78 –º¬≤, –∂–∏–ª–∞—è ‚Äî 51 –º¬≤, –∫—É—Ö–Ω—è ‚Äî 11 –º¬≤",—Ö–æ—Ä–æ—à–µ–µ,—Ä–∞–∑–¥–µ–ª—å–Ω—ã–π,–Ω–µ—Å–∫–æ–ª—å–∫–æ –±–∞–ª–∫–æ–Ω–æ–≤ –∏–ª–∏ –ª–æ–¥–∂–∏–π,,,,,,–ª–∏–Ω–æ–ª–µ—É–º,,–¥–æ–º–æ—Ñ–æ–Ω,,,,,"–ü–ª–∞—Å—Ç–∏–∫–æ–≤—ã–µ –æ–∫–Ω–∞, –Ω–µ—É–≥–ª–æ–≤–∞—è, —É–ª—É—á—à–µ–Ω–Ω–∞—è, –∫–ª–∞–¥–æ–≤–∫–∞, —Ç–∏—Ö–∏–π –¥–≤–æ—Ä.","–ü—Ä–æ–¥–∞–µ—Ç—Å—è –∫–≤–∞—Ä—Ç–∏—Ä–∞ –≤ –º–∫—Ä. –ê–π–Ω–∞–±—É–ª–∞–∫-2. –†–∞–∑–≤–∏—Ç–∞—è –∏–Ω—Ñ—Ä–∞—Å—Ç—Ä—É–∫—Ç—É—Ä–∞, –¥–µ—Ç—Å–∫–∏–µ —Å–∞–¥—ã, —à–∫–æ–ª—ã, –º–∞–≥–∞–∑–∏–Ω—ã, –±–∞–∑–∞—Ä—ã. –í —à–∞–≥–æ–≤–æ–π –¥–æ—Å—Ç—É–ø–Ω–æ—Å—Ç–∏ –¥–µ—Ç—Å–∫–∏–µ –ø–ª–æ—â–∞–¥–∫–∏, —Å–∫–≤–µ—Ä—ã."
665478221,3,https://krisha.kz/a/show/665478221,almaty-zhetysuskij,4,"4-–∫–æ–º–Ω–∞—Ç–Ω–∞—è –∫–≤–∞—Ä—Ç–∏—Ä–∞, 131 –º¬≤, 6/6 —ç—Ç–∞–∂",28000000,"–ñ–µ—Ç—ã—Å—É—Å–∫–∏–π —Ä-–Ω, –º–∫—Ä –ö–æ–∫–∂–∏–µ–∫ 21","–º–æ–Ω–æ–ª–∏—Ç–Ω—ã–π –¥–æ–º, 2009 –≥.–ø., —Å–æ—Å—Ç–æ—è–Ω–∏–µ: –µ–≤—Ä–æ—Ä–µ–º–æ–Ω—Ç, –∂–∏–ª. –ø–ª–æ—â–∞–¥—å 110 –∫–≤.–º., –∫—É—Ö–Ω—è 18 –∫–≤.–º., –ø–æ—Ç–æ–ª–∫–∏ 2.9–º., —Å–∞–Ω—É–∑–µ–ª —Ä–∞–∑–¥–µ–ª—å–Ω—ã–π, —Ç–µ–ª–µ—Ñ–æ–Ω: –µ—Å—Ç—å –≤–æ–∑–º–æ–∂–Ω–æ—Å—Ç—å –ø–æ–¥–∫–ª—é—á–µ–Ω–∏—è, –∏–Ω—Ç–µ—Ä–Ω–µ—Ç ADSL, –ø–æ–ª–Ω–æ—Å—Ç—å—é –º–µ–±–ª–∏—Ä–æ–≤–∞–Ω–∞, –°—Ä–æ—á–Ω–æ –¥–æ–º —Ö–æ—Ä–æ—à–∏–π. —Ä—è–¥–æ–º —Å–∞–¥–∏–∫, —à–∫–æ–ª—ã, –ø–æ–ª–∏–∫–ª–∏–Ω–∏–∫–∞, –º–∞–≥–∞–∑–∏–Ω",–•–æ–∑—è–∏–Ω –Ω–µ–¥–≤–∏–∂–∏–º–æ—Å—Ç–∏,–ê–ª–º–∞—Ç—ã,1 –º–∞—Ä.,0,0,0,0,0,0,07-03-2021 08:28:00,"–º–æ–Ω–æ–ª–∏—Ç–Ω—ã–π, 2009 –≥.–ø.",6 –∏–∑ 6,"131 –º¬≤, –∂–∏–ª–∞—è ‚Äî 110 –º¬≤, –∫—É—Ö–Ω—è ‚Äî 18 –º¬≤",–µ–≤—Ä–æ—Ä–µ–º–æ–Ω—Ç,—Ä–∞–∑–¥–µ–ª—å–Ω—ã–π,–Ω–µ—Å–∫–æ–ª—å–∫–æ –±–∞–ª–∫–æ–Ω–æ–≤ –∏–ª–∏ –ª–æ–¥–∂–∏–π,–¥–∞,,–±—Ä–æ–Ω–∏—Ä–æ–≤–∞–Ω–Ω–∞—è,ADSL,–ø–æ–ª–Ω–æ—Å—Ç—å—é –º–µ–±–ª–∏—Ä–æ–≤–∞–Ω–∞,–ª–∞–º–∏–Ω–∞—Ç,2.9 –º,"–¥–æ–º–æ—Ñ–æ–Ω, –∫–æ–¥–æ–≤—ã–π –∑–∞–º–æ–∫, –≤–∏–¥–µ–æ–Ω–∞–±–ª—é–¥–µ–Ω–∏–µ",,–µ—Å—Ç—å –≤–æ–∑–º–æ–∂–Ω–æ—Å—Ç—å –ø–æ–¥–∫–ª—é—á–µ–Ω–∏—è,—Ä—è–¥–æ–º –æ—Ö—Ä–∞–Ω—è–µ–º–∞—è —Å—Ç–æ—è–Ω–∫–∞,–Ω–µ—Ç,"–ü–ª–∞—Å—Ç–∏–∫–æ–≤—ã–µ –æ–∫–Ω–∞, –∫–æ–º–Ω–∞—Ç—ã –∏–∑–æ–ª–∏—Ä–æ–≤–∞–Ω—ã, –∫—É—Ö–Ω—è-—Å—Ç—É–¥–∏—è, –≤—Å—Ç—Ä–æ–µ–Ω–Ω–∞—è –∫—É—Ö–Ω—è, –Ω–æ–≤–∞—è —Å–∞–Ω—Ç–µ—Ö–Ω–∏–∫–∞, –∫–ª–∞–¥–æ–≤–∫–∞, —Å—á—ë—Ç—á–∏–∫–∏, —Ç–∏—Ö–∏–π –¥–≤–æ—Ä, –∫–æ–Ω–¥–∏—Ü–∏–æ–Ω–µ—Ä.","–°—Ä–æ—á–Ω–æ –¥–æ–º —Ö–æ—Ä–æ—à–∏–π. —Ä—è–¥–æ–º —Å–∞–¥–∏–∫, —à–∫–æ–ª—ã, –ø–æ–ª–∏–∫–ª–∏–Ω–∏–∫–∞, –º–∞–≥–∞–∑–∏–Ω."
49785243,3,https://krisha.kz/a/show/49785243,almaty-zhetysuskij,4,"4-–∫–æ–º–Ω–∞—Ç–Ω–∞—è –∫–≤–∞—Ä—Ç–∏—Ä–∞, 79 –º¬≤, 2/5 —ç—Ç–∞–∂",25000000,"–ñ–µ—Ç—ã—Å—É—Å–∫–∏–π —Ä-–Ω, –º–∫—Ä –ö–µ–º–µ–ª (–ü–µ—Ä–≤–æ–º–∞–π—Å–∫–æ–µ) 40–∞","–º–æ–Ω–æ–ª–∏—Ç–Ω—ã–π –¥–æ–º, 1997 –≥.–ø., —Å–æ—Å—Ç–æ—è–Ω–∏–µ: —Ö–æ—Ä–æ—à–µ–µ, –∂–∏–ª. –ø–ª–æ—â–∞–¥—å 52 –∫–≤.–º., –∫—É—Ö–Ω—è 11 –∫–≤.–º., –ø–æ—Ç–æ–ª–∫–∏ 2.6–º., —Å–∞–Ω—É–∑–µ–ª —Ä–∞–∑–¥–µ–ª—å–Ω—ã–π, —Ç–µ–ª–µ—Ñ–æ–Ω: –µ—Å—Ç—å –≤–æ–∑–º–æ–∂–Ω–æ—Å—Ç—å –ø–æ–¥–∫–ª—é—á–µ–Ω–∏—è, –∏–Ω—Ç–µ—Ä–Ω–µ—Ç —á–µ—Ä–µ–∑ TV –∫–∞–±–µ–ª—å, —á–∞—Å—Ç–∏—á–Ω–æ –º–µ–±–ª–∏—Ä–æ–≤–∞–Ω–∞, –°–†–û–ß–ù–û –ø—Ä–æ–¥–∞–º —É—é—Ç–Ω—É—é 4-—Ö –∫–æ–º–Ω–∞—Ç–Ω—É—é –∫–≤–∞—Ä—Ç–∏—Ä—É. –†–∞—Å—Å–º–æ—Ç—Ä–∏–º –≤–∞—Ä–∏–∞–Ω—Ç—ã!",–•–æ–∑—è–∏–Ω –Ω–µ–¥–≤–∏–∂–∏–º–æ—Å—Ç–∏,–ê–ª–º–∞—Ç—ã,28 —Ñ–µ–≤—Ä.,1,0,0,1,0,0,07-03-2021 08:28:01,"–º–æ–Ω–æ–ª–∏—Ç–Ω—ã–π, 1997 –≥.–ø.",2 –∏–∑ 5,"79 –º¬≤, –∂–∏–ª–∞—è ‚Äî 52 –º¬≤, –∫—É—Ö–Ω—è ‚Äî 11 –º¬≤",—Ö–æ—Ä–æ—à–µ–µ,—Ä–∞–∑–¥–µ–ª—å–Ω—ã–π,–Ω–µ—Å–∫–æ–ª—å–∫–æ –±–∞–ª–∫–æ–Ω–æ–≤ –∏–ª–∏ –ª–æ–¥–∂–∏–π,–¥–∞,,–º–µ—Ç–∞–ª–ª–∏—á–µ—Å–∫–∞—è,—á–µ—Ä–µ–∑ TV –∫–∞–±–µ–ª—å,—á–∞—Å—Ç–∏—á–Ω–æ –º–µ–±–ª–∏—Ä–æ–≤–∞–Ω–∞,–ª–∏–Ω–æ–ª–µ—É–º,2.6 –º,"—Ä–µ—à–µ—Ç–∫–∏ –Ω–∞ –æ–∫–Ω–∞—Ö, –¥–æ–º–æ—Ñ–æ–Ω",–í–æ–∑–º–æ–∂–µ–Ω –æ–±–º–µ–Ω,–µ—Å—Ç—å –≤–æ–∑–º–æ–∂–Ω–æ—Å—Ç—å –ø–æ–¥–∫–ª—é—á–µ–Ω–∏—è,—Ä—è–¥–æ–º –æ—Ö—Ä–∞–Ω—è–µ–º–∞—è —Å—Ç–æ—è–Ω–∫–∞,–Ω–µ—Ç,"–ù–µ—É–≥–ª–æ–≤–∞—è, —É–ª—É—á—à–µ–Ω–Ω–∞—è, –∫–æ–º–Ω–∞—Ç—ã –∏–∑–æ–ª–∏—Ä–æ–≤–∞–Ω—ã, –∫–ª–∞–¥–æ–≤–∫–∞, —Å—á—ë—Ç—á–∏–∫–∏, —Ç–∏—Ö–∏–π –¥–≤–æ—Ä.",–°–†–û–ß–ù–û –ø—Ä–æ–¥–∞–º —É—é—Ç–Ω—É—é 4-—Ö –∫–æ–º–Ω–∞—Ç–Ω—É—é –∫–≤–∞—Ä—Ç–∏—Ä—É. –†–∞—Å—Å–º–æ—Ç—Ä–∏–º –≤–∞—Ä–∏–∞–Ω—Ç—ã!
665295448,3,https://krisha.kz/a/show/665295448,almaty-zhetysuskij,4,"4-–∫–æ–º–Ω–∞—Ç–Ω–∞—è –∫–≤–∞—Ä—Ç–∏—Ä–∞, 82 –º¬≤, 5/5 —ç—Ç–∞–∂",33000000,"–ñ–µ—Ç—ã—Å—É—Å–∫–∏–π —Ä-–Ω, –º–∫—Ä –ê–π–Ω–∞–±—É–ª–∞–∫-4 176","–ø–∞–Ω–µ–ª—å–Ω—ã–π –¥–æ–º, 1988 –≥.–ø., —Å–æ—Å—Ç–æ—è–Ω–∏–µ: —Å—Ä–µ–¥–Ω–µ–µ, –∂–∏–ª. –ø–ª–æ—â–∞–¥—å 82 –∫–≤.–º., –∫—É—Ö–Ω—è 12 –∫–≤.–º., –ø–æ—Ç–æ–ª–∫–∏ 2.8–º., —Å–∞–Ω—É–∑–µ–ª —Ä–∞–∑–¥–µ–ª—å–Ω—ã–π, —Ç–µ–ª–µ—Ñ–æ–Ω: –æ—Ç–¥–µ–ª—å–Ω—ã–π, –∏–Ω—Ç–µ—Ä–Ω–µ—Ç –ø—Ä–æ–≤–æ–¥–Ω–æ–π, —á–∞—Å—Ç–∏—á–Ω–æ –º–µ–±–ª–∏—Ä–æ–≤–∞–Ω–∞, –ü—Ä–æ–¥–∞—ë—Ç—Å—è 4-—Ö –∫–æ–º–Ω–∞—Ç–Ω–∞—è –∫–≤–∞—Ä—Ç–∏—Ä–∞, –≤ –º–∏–∫—Ä–æ—Ä–∞–π–æ–Ω–µ –ê–π–Ω–∞–±—É–ª–∞–∫-4. –†—è–¥–æ–º –∫–∞—Ñ–µ ¬´–ü–∞—Ä–∞–¥–∞–π—Å¬ª, –Ω–∞–ø—Ä–æ—Ç–∏–≤ –º–∞–≥–∞–∑–∏–Ω ¬´–û–º–∏—á¬ª. –î–≤–∞ –±–∞‚Ä¶",–•–æ–∑—è–∏–Ω –Ω–µ–¥–≤–∏–∂–∏–º–æ—Å—Ç–∏,–ê–ª–º–∞—Ç—ã,28 —Ñ–µ–≤—Ä.,0,0,0,0,0,0,07-03-2021 08:28:02,"–ø–∞–Ω–µ–ª—å–Ω—ã–π, 1988 –≥.–ø.",5 –∏–∑ 5,"82 –º¬≤, –∂–∏–ª–∞—è ‚Äî 82 –º¬≤, –∫—É—Ö–Ω—è ‚Äî 12 –º¬≤",—Å—Ä–µ–¥–Ω–µ–µ,—Ä–∞–∑–¥–µ–ª—å–Ω—ã–π,–Ω–µ—Å–∫–æ–ª—å–∫–æ –±–∞–ª–∫–æ–Ω–æ–≤ –∏–ª–∏ –ª–æ–¥–∂–∏–π,–¥–∞,,–º–µ—Ç–∞–ª–ª–∏—á–µ—Å–∫–∞—è,–ø—Ä–æ–≤–æ–¥–Ω–æ–π,—á–∞—Å—Ç–∏—á–Ω–æ –º–µ–±–ª–∏—Ä–æ–≤–∞–Ω–∞,–ª–∏–Ω–æ–ª–µ—É–º,2.8 –º,"–¥–æ–º–æ—Ñ–æ–Ω, –≤–∏–¥–µ–æ–Ω–∞–±–ª—é–¥–µ–Ω–∏–µ",,–æ—Ç–¥–µ–ª—å–Ω—ã–π,—Ä—è–¥–æ–º –æ—Ö—Ä–∞–Ω—è–µ–º–∞—è —Å—Ç–æ—è–Ω–∫–∞,–Ω–µ—Ç,"–ü–ª–∞—Å—Ç–∏–∫–æ–≤—ã–µ –æ–∫–Ω–∞, —Ç–∏—Ö–∏–π –¥–≤–æ—Ä, –∫–æ–Ω–¥–∏—Ü–∏–æ–Ω–µ—Ä, –Ω–µ—É–≥–ª–æ–≤–∞—è, —É–ª—É—á—à–µ–Ω–Ω–∞—è, –∫–æ–º–Ω–∞—Ç—ã –∏–∑–æ–ª–∏—Ä–æ–≤–∞–Ω—ã, –∫—É—Ö–Ω—è-—Å—Ç—É–¥–∏—è, –≤—Å—Ç—Ä–æ–µ–Ω–Ω–∞—è –∫—É—Ö–Ω—è, –∫–ª–∞–¥–æ–≤–∫–∞, —Å—á—ë—Ç—á–∏–∫–∏.","–ü—Ä–æ–¥–∞—ë—Ç—Å—è 4-—Ö –∫–æ–º–Ω–∞—Ç–Ω–∞—è –∫–≤–∞—Ä—Ç–∏—Ä–∞, –≤ –º–∏–∫—Ä–æ—Ä–∞–π–æ–Ω–µ –ê–π–Ω–∞–±—É–ª–∞–∫-4. –†—è–¥–æ–º –∫–∞—Ñ–µ ¬´–ü–∞—Ä–∞–¥–∞–π—Å¬ª, –Ω–∞–ø—Ä–æ—Ç–∏–≤ –º–∞–≥–∞–∑–∏–Ω ¬´–û–º–∏—á¬ª. –î–≤–∞ –±–∞–ª–∫–æ–Ω–∞ –æ–±–µ –ø–ª–∞—Å—Ç–∏–∫–æ–≤—ã–µ –∑–∞—Å—Ç–µ–∫–ª–µ–Ω–Ω—ã–µ, –≤ –±–∞–ª–∫–æ–Ω–∞—Ö —Å—Ç–æ—è—Ç –±–∞—Ç–∞—Ä–µ–∏ –æ—Ç–æ–ø–ª–µ–Ω–∏—è. –û–∫–Ω–∞ –∏ –±–∞–ª–∫–æ–Ω –°–µ–≤–µ—Ä-–Æ–≥. –ö–≤–∞—Ä—Ç–∏—Ä–∞ –Ω–µ —É–≥–ª–æ–≤–∞—è –æ—á–µ–Ω—å —Ç—ë–ø–ª–∞—è, –∞–ª—é–º–∏–Ω–∏–µ–≤—ã–µ –∏—Ç–∞–ª—å—è–Ω—Å–∫–∏–µ –±–∞—Ç–∞—Ä–µ–∏, –¥–≤–µ —Ç–æ—á–∫–∏ –¢–í –ê–ª–º–∞ –¢–í, ID –¢–í, –∫–ª–∞–¥–æ–≤–∫–∞. –î–æ–∫—É–º–µ–Ω—Ç—ã —é—Ä–∏–¥–∏—á–µ—Å–∫–∏ —á–∏—Å—Ç—ã–µ."
663291090,3,https://krisha.kz/a/show/663291090,almaty-zhetysuskij,4,"4-–∫–æ–º–Ω–∞—Ç–Ω–∞—è –∫–≤–∞—Ä—Ç–∏—Ä–∞, 115 –º¬≤, 13/22 —ç—Ç–∞–∂",54000000,"–ñ–µ—Ç—ã—Å—É—Å–∫–∏–π —Ä-–Ω, –¢–æ–ª–µ –±–∏ 286/8","–∂–∏–ª. –∫–æ–º–ø–ª–µ–∫—Å –ö–∞—É—Å–∞—Ä, –º–æ–Ω–æ–ª–∏—Ç–Ω—ã–π –¥–æ–º, 2011 –≥.–ø., —Å–æ—Å—Ç–æ—è–Ω–∏–µ: –µ–≤—Ä–æ—Ä–µ–º–æ–Ω—Ç, –ø–æ—Ç–æ–ª–∫–∏ 3–º., —Å–∞–Ω—É–∑–µ–ª —Å–æ–≤–º–µ—â–µ–Ω–Ω—ã–π, —Ç–µ–ª–µ—Ñ–æ–Ω: –µ—Å—Ç—å –≤–æ–∑–º–æ–∂–Ω–æ—Å—Ç—å –ø–æ–¥–∫–ª—é—á–µ–Ω–∏—è, –∏–Ω—Ç–µ—Ä–Ω–µ—Ç —á–µ—Ä–µ–∑ TV –∫–∞–±–µ–ª—å, –ø–æ–ª–Ω–æ—Å—Ç—å—é –º–µ–±–ª–∏—Ä–æ–≤–∞–Ω–∞, –ü—Ä–æ–¥–∞—ë—Ç—Å—è –æ—á–µ–Ω—å —Ö–æ—Ä–æ—à–∞—è, —É—é—Ç–Ω–∞—è 4-—Ö –∫–æ–º–Ω–∞—Ç–Ω–∞—è –∫–≤–∞—Ä—Ç–∏—Ä–∞. –í–æ–∑–º–æ–∂–µ–Ω –æ–±–º–µ–Ω –Ω–∞ 3-—Ö –∫–æ–º–Ω–∞—Ç–Ω—É—é –∫–≤–∞—Ä—Ç–∏—Ä—É –æ—Ç 100 –∫‚Ä¶",–•–æ–∑—è–∏–Ω –Ω–µ–¥–≤–∏–∂–∏–º–æ—Å—Ç–∏,–ê–ª–º–∞—Ç—ã,28 —Ñ–µ–≤—Ä.,0,0,0,0,0,0,07-03-2021 08:28:03,"–º–æ–Ω–æ–ª–∏—Ç–Ω—ã–π, 2011 –≥.–ø.",13 –∏–∑ 22,"115 –º¬≤, –∫—É—Ö–Ω—è ‚Äî 14 –º¬≤",–µ–≤—Ä–æ—Ä–µ–º–æ–Ω—Ç,—Å–æ–≤–º–µ—â–µ–Ω–Ω—ã–π,–ª–æ–¥–∂–∏—è,–¥–∞,,–º–µ—Ç–∞–ª–ª–∏—á–µ—Å–∫–∞—è,—á–µ—Ä–µ–∑ TV –∫–∞–±–µ–ª—å,–ø–æ–ª–Ω–æ—Å—Ç—å—é –º–µ–±–ª–∏—Ä–æ–≤–∞–Ω–∞,–ª–∞–º–∏–Ω–∞—Ç,3 –º,"–æ—Ö—Ä–∞–Ω–∞, –¥–æ–º–æ—Ñ–æ–Ω, –≤–∏–¥–µ–æ–Ω–∞–±–ª—é–¥–µ–Ω–∏–µ, –≤–∏–¥–µ–æ–¥–æ–º–æ—Ñ–æ–Ω, –∫–æ–Ω—Å—å–µ—Ä–∂",–í–æ–∑–º–æ–∂–µ–Ω –æ–±–º–µ–Ω,–µ—Å—Ç—å –≤–æ–∑–º–æ–∂–Ω–æ—Å—Ç—å –ø–æ–¥–∫–ª—é—á–µ–Ω–∏—è,—Ä—è–¥–æ–º –æ—Ö—Ä–∞–Ω—è–µ–º–∞—è —Å—Ç–æ—è–Ω–∫–∞,–Ω–µ—Ç,"–ü–ª–∞—Å—Ç–∏–∫–æ–≤—ã–µ –æ–∫–Ω–∞, —Ç–∏—Ö–∏–π –¥–≤–æ—Ä, –Ω–µ—É–≥–ª–æ–≤–∞—è, —É–ª—É—á—à–µ–Ω–Ω–∞—è, –∫—É—Ö–Ω—è-—Å—Ç—É–¥–∏—è, –≤—Å—Ç—Ä–æ–µ–Ω–Ω–∞—è –∫—É—Ö–Ω—è.","–ü—Ä–æ–¥–∞—ë—Ç—Å—è –æ—á–µ–Ω—å —Ö–æ—Ä–æ—à–∞—è, —É—é—Ç–Ω–∞—è 4-—Ö –∫–æ–º–Ω–∞—Ç–Ω–∞—è –∫–≤–∞—Ä—Ç–∏—Ä–∞. –í–æ–∑–º–æ–∂–µ–Ω –æ–±–º–µ–Ω –Ω–∞ 3-—Ö –∫–æ–º–Ω–∞—Ç–Ω—É—é –∫–≤–∞—Ä—Ç–∏—Ä—É –æ—Ç 100 –∫–≤. –ø–ª—é—Å —Å –≤–∞—à–µ–π –¥–æ–ø–ª–∞—Ç–æ–π."
664952557,3,https://krisha.kz/a/show/664952557,almaty-zhetysuskij,4,"4-–∫–æ–º–Ω–∞—Ç–Ω–∞—è –∫–≤–∞—Ä—Ç–∏—Ä–∞, 83 –º¬≤, 5/5 —ç—Ç–∞–∂",34500000,"–ñ–µ—Ç—ã—Å—É—Å–∫–∏–π —Ä-–Ω, –º–∫—Ä –ê–π–Ω–∞–±—É–ª–∞–∫-3","1986 –≥.–ø., —Å–∞–Ω—É–∑–µ–ª —Ä–∞–∑–¥–µ–ª—å–Ω—ã–π, –ü—Ä–æ–¥–∞–º 4 —Ö –∫–æ–º–Ω–∞—Ç–Ω—É—é –∫–≤. –∏–ª–∏ –ø–æ–º–µ–Ω—è—é –Ω–∞ 1-2 —Ö –∫–æ–º–Ω–∞—Ç–Ω—É—é —Å –≤–∞—à–µ–π –¥–æ–ø–ª–∞—Ç–æ–π. —Ç—Ä–µ–±—É–µ—Ç—Å—è –∫–æ—Å–º–µ—Ç–∏—á–µ—Å–∫–∏–π —Ä–µ–º–æ–Ω—Ç. —á–∞—Å—Ç–∏—á–Ω–æ –º–µ–±–µ–ª–∏—Ä–æ–≤–∞–Ω–∞. .–≤—Å–µ –≤–æ–ø—Ä–æ—Å—ã –∏ –ø—Ä–µ–¥–ª–æ–∂–µ–Ω–∏—è –º–æ–∂–µ—Ç–µ –æ—Ç–ø—Ä–∞–≤–∏—Ç—å —Å–æ–æ–±—â–µ–Ω–∏–µ–º –∏–ª–∏ –ø–æ–∑–≤–æ–Ω–∏—Ç—å. –¢–û–†–ì. –°–†–û–ß–ù–û",–•–æ–∑—è–∏–Ω –Ω–µ–¥–≤–∏–∂–∏–º–æ—Å—Ç–∏,–ê–ª–º–∞—Ç—ã,28 —Ñ–µ–≤—Ä.,0,0,0,0,0,0,07-03-2021 08:28:04,1986 –≥.–ø.,5 –∏–∑ 5,"83 –º¬≤, –∫—É—Ö–Ω—è ‚Äî 10 –º¬≤",,—Ä–∞–∑–¥–µ–ª—å–Ω—ã–π,–Ω–µ—Å–∫–æ–ª—å–∫–æ –±–∞–ª–∫–æ–Ω–æ–≤ –∏–ª–∏ –ª–æ–¥–∂–∏–π,–¥–∞,,–º–µ—Ç–∞–ª–ª–∏—á–µ—Å–∫–∞—è,,,,,"–¥–æ–º–æ—Ñ–æ–Ω, –≤–∏–¥–µ–æ–Ω–∞–±–ª—é–¥–µ–Ω–∏–µ",–í–æ–∑–º–æ–∂–µ–Ω –æ–±–º–µ–Ω,,—Ä—è–¥–æ–º –æ—Ö—Ä–∞–Ω—è–µ–º–∞—è —Å—Ç–æ—è–Ω–∫–∞,,"–ü–ª–∞—Å—Ç–∏–∫–æ–≤—ã–µ –æ–∫–Ω–∞, –Ω–µ—É–≥–ª–æ–≤–∞—è, —É–ª—É—á—à–µ–Ω–Ω–∞—è, –∫–æ–º–Ω–∞—Ç—ã –∏–∑–æ–ª–∏—Ä–æ–≤–∞–Ω—ã, –≤—Å—Ç—Ä–æ–µ–Ω–Ω–∞—è –∫—É—Ö–Ω—è, –Ω–æ–≤–∞—è —Å–∞–Ω—Ç–µ—Ö–Ω–∏–∫–∞, –∫–ª–∞–¥–æ–≤–∫–∞, —Å—á—ë—Ç—á–∏–∫–∏, —Ç–∏—Ö–∏–π –¥–≤–æ—Ä, –∫–æ–Ω–¥–∏—Ü–∏–æ–Ω–µ—Ä.",–ü—Ä–æ–¥–∞–º 4 —Ö –∫–æ–º–Ω–∞—Ç–Ω—É—é –∫–≤. –∏–ª–∏ –ø–æ–º–µ–Ω—è—é –Ω–∞ 1-2 —Ö –∫–æ–º–Ω–∞—Ç–Ω—É—é —Å –≤–∞—à–µ–π –¥–æ–ø–ª–∞—Ç–æ–π. —Ç—Ä–µ–±—É–µ—Ç—Å—è –∫–æ—Å–º–µ—Ç–∏—á–µ—Å–∫–∏–π —Ä–µ–º–æ–Ω—Ç. —á–∞—Å—Ç–∏—á–Ω–æ –º–µ–±–µ–ª–∏—Ä–æ–≤–∞–Ω–∞. .–≤—Å–µ –≤–æ–ø—Ä–æ—Å—ã –∏ –ø—Ä–µ–¥–ª–æ–∂–µ–Ω–∏—è –º–æ–∂–µ—Ç–µ –æ—Ç–ø—Ä–∞–≤–∏—Ç—å —Å–æ–æ–±—â–µ–Ω–∏–µ–º –∏–ª–∏ –ø–æ–∑–≤–æ–Ω–∏—Ç—å. –¢–û–†–ì. –°–†–û–ß–ù–û
50909168,3,https://krisha.kz/a/show/50909168,almaty-zhetysuskij,4,"4-–∫–æ–º–Ω–∞—Ç–Ω–∞—è –∫–≤–∞—Ä—Ç–∏—Ä–∞, 83.7 –º¬≤, 5/5 —ç—Ç–∞–∂",32000000,"–ñ–µ—Ç—ã—Å—É—Å–∫–∏–π —Ä-–Ω, –º–∫—Ä –ê–π–Ω–∞–±—É–ª–∞–∫-4 183","–í –∑–∞–ª–æ–≥–µ, –ø–∞–Ω–µ–ª—å–Ω—ã–π –¥–æ–º, 1988 –≥.–ø., —Å–æ—Å—Ç–æ—è–Ω–∏–µ: –µ–≤—Ä–æ—Ä–µ–º–æ–Ω—Ç, –∂–∏–ª. –ø–ª–æ—â–∞–¥—å 52.5 –∫–≤.–º., –∫—É—Ö–Ω—è 10.2 –∫–≤.–º., —Å–∞–Ω—É–∑–µ–ª —Ä–∞–∑–¥–µ–ª—å–Ω—ã–π, —Ç–µ–ª–µ—Ñ–æ–Ω: –æ—Ç–¥–µ–ª—å–Ω—ã–π, –∏–Ω—Ç–µ—Ä–Ω–µ—Ç ADSL, —á–∞—Å—Ç–∏—á–Ω–æ –º–µ–±–ª–∏—Ä–æ–≤–∞–Ω–∞, –°—Ä–æ—á–Ω–æ –ø—Ä–æ–¥–∞–µ—Ç—Å—è –æ—Ç–ª–∏—á–Ω–∞—è –∫–≤–∞—Ä—Ç–∏—Ä–∞ –≤ —Ö–æ—Ä–æ—à–µ–º —Ä–∞–π–æ–Ω–µ. –í—Å—ë, —á—Ç–æ –Ω—É–∂–Ω–æ –¥–ª—è –∫–æ–º—Ñ–æ—Ä—Ç–Ω–æ–≥–æ –ø—Ä–æ–∂–∏–≤–∞–Ω–∏—è, –Ω–∞—Ö–æ–¥–∏—Ç—Å—è –≤ —à–∞–≥–æ–≤‚Ä¶",–ü—Ä–æ–≤–µ—Ä–µ–Ω–Ω–∞—è –∫–æ–º–ø–∞–Ω–∏—è,–ê–ª–º–∞—Ç—ã,28 —Ñ–µ–≤—Ä.,1,0,0,1,0,0,07-03-2021 08:28:05,"–ø–∞–Ω–µ–ª—å–Ω—ã–π, 1988 –≥.–ø.",5 –∏–∑ 5,"83.7 –º¬≤, –∂–∏–ª–∞—è ‚Äî 52.5 –º¬≤, –∫—É—Ö–Ω—è ‚Äî 10.2 –º¬≤",–µ–≤—Ä–æ—Ä–µ–º–æ–Ω—Ç,—Ä–∞–∑–¥–µ–ª—å–Ω—ã–π,–±–∞–ª–∫–æ–Ω –∏ –ª–æ–¥–∂–∏—è,–¥–∞,,–±—Ä–æ–Ω–∏—Ä–æ–≤–∞–Ω–Ω–∞—è,ADSL,—á–∞—Å—Ç–∏—á–Ω–æ –º–µ–±–ª–∏—Ä–æ–≤–∞–Ω–∞,–ª–∞–º–∏–Ω–∞—Ç,,"–¥–æ–º–æ—Ñ–æ–Ω, –≤–∏–¥–µ–æ–Ω–∞–±–ª—é–¥–µ–Ω–∏–µ",,–æ—Ç–¥–µ–ª—å–Ω—ã–π,—Ä—è–¥–æ–º –æ—Ö—Ä–∞–Ω—è–µ–º–∞—è —Å—Ç–æ—è–Ω–∫–∞,–Ω–µ—Ç,"–ü–ª–∞—Å—Ç–∏–∫–æ–≤—ã–µ –æ–∫–Ω–∞, –Ω–µ—É–≥–ª–æ–≤–∞—è, —É–ª—É—á—à–µ–Ω–Ω–∞—è, –∫–æ–º–Ω–∞—Ç—ã –∏–∑–æ–ª–∏—Ä–æ–≤–∞–Ω—ã, –≤—Å—Ç—Ä–æ–µ–Ω–Ω–∞—è –∫—É—Ö–Ω—è, –Ω–æ–≤–∞—è —Å–∞–Ω—Ç–µ—Ö–Ω–∏–∫–∞, –∫–ª–∞–¥–æ–≤–∫–∞, —Å—á—ë—Ç—á–∏–∫–∏, —Ç–∏—Ö–∏–π –¥–≤–æ—Ä.","–°—Ä–æ—á–Ω–æ –ø—Ä–æ–¥–∞–µ—Ç—Å—è –æ—Ç–ª–∏—á–Ω–∞—è –∫–≤–∞—Ä—Ç–∏—Ä–∞ –≤ —Ö–æ—Ä–æ—à–µ–º —Ä–∞–π–æ–Ω–µ. –í—Å—ë, —á—Ç–æ –Ω—É–∂–Ω–æ –¥–ª—è –∫–æ–º—Ñ–æ—Ä—Ç–Ω–æ–≥–æ –ø—Ä–æ–∂–∏–≤–∞–Ω–∏—è, –Ω–∞—Ö–æ–¥–∏—Ç—Å—è –≤ —à–∞–≥–æ–≤–æ–π –¥–æ—Å—Ç—É–ø–Ω–æ—Å—Ç–∏. –¥–æ–º –≥–∞–∑–∏—Ñ–∏—Ü–∏—Ä–æ–≤–∞–Ω. 
–∑–≤–æ–Ω–∏—Ç–µ, —Å–º–æ—Ç—Ä–∏—Ç–µ, –ø–æ–∫—É–ø–∞–π—Ç–µ."
49945640,3,https://krisha.kz/a/show/49945640,almaty-zhetysuskij,4,"4-–∫–æ–º–Ω–∞—Ç–Ω–∞—è –∫–≤–∞—Ä—Ç–∏—Ä–∞, 83 –º¬≤, 5/5 —ç—Ç–∞–∂",34000000,"–ñ–µ—Ç—ã—Å—É—Å–∫–∏–π —Ä-–Ω, –º–∫—Ä –ê–π–Ω–∞–±—É–ª–∞–∫-4 ‚Äî –ñ—É–º–∞–±–∞–µ–≤–∞","–í –∑–∞–ª–æ–≥–µ, –ø–∞–Ω–µ–ª—å–Ω—ã–π –¥–æ–º, 1988 –≥.–ø., —Å–æ—Å—Ç–æ—è–Ω–∏–µ: —Ö–æ—Ä–æ—à–µ–µ, –∂–∏–ª. –ø–ª–æ—â–∞–¥—å 52 –∫–≤.–º., –∫—É—Ö–Ω—è 10 –∫–≤.–º., –ø–æ—Ç–æ–ª–∫–∏ 2.6–º., —Å–∞–Ω—É–∑–µ–ª —Ä–∞–∑–¥–µ–ª—å–Ω—ã–π, —Ç–µ–ª–µ—Ñ–æ–Ω: –æ—Ç–¥–µ–ª—å–Ω—ã–π, –∏–Ω—Ç–µ—Ä–Ω–µ—Ç —á–µ—Ä–µ–∑ TV –∫–∞–±–µ–ª—å, —á–∞—Å—Ç–∏—á–Ω–æ –º–µ–±–ª–∏—Ä–æ–≤–∞–Ω–∞, –°—Ä–æ—á–Ω–æ –ø—Ä–æ–¥–∞–º 4 –∫–æ–º–Ω –∫–≤ —Å —Ä–µ–º–æ–Ω—Ç–æ–º. –ö—Ä—ã—à–∞ –ø–æ—Å–ª–µ —Ä–µ–º–æ–Ω—Ç–∞ –Ω–µ –ø—Ä–æ—Ç–µ–∫–∞–µ—Ç. –° –ú–µ–±–µ–ª—é –ø–æ–¥—ä–µ–∑–¥ —á–∏—Å—Ç—ã–π‚Ä¶",–•–æ–∑—è–∏–Ω –Ω–µ–¥–≤–∏–∂–∏–º–æ—Å—Ç–∏,–ê–ª–º–∞—Ç—ã,28 —Ñ–µ–≤—Ä.,1,0,0,1,0,0,07-03-2021 08:28:06,"–ø–∞–Ω–µ–ª—å–Ω—ã–π, 1988 –≥.–ø.",5 –∏–∑ 5,"83 –º¬≤, –∂–∏–ª–∞—è ‚Äî 52 –º¬≤, –∫—É—Ö–Ω—è ‚Äî 10 –º¬≤",—Ö–æ—Ä–æ—à–µ–µ,—Ä–∞–∑–¥–µ–ª—å–Ω—ã–π,–Ω–µ—Å–∫–æ–ª—å–∫–æ –±–∞–ª–∫–æ–Ω–æ–≤ –∏–ª–∏ –ª–æ–¥–∂–∏–π,–¥–∞,,–º–µ—Ç–∞–ª–ª–∏—á–µ—Å–∫–∞—è,—á–µ—Ä–µ–∑ TV –∫–∞–±–µ–ª—å,—á–∞—Å—Ç–∏—á–Ω–æ –º–µ–±–ª–∏—Ä–æ–≤–∞–Ω–∞,–ª–∞–º–∏–Ω–∞—Ç,2.6 –º,–¥–æ–º–æ—Ñ–æ–Ω,,–æ—Ç–¥–µ–ª—å–Ω—ã–π,,–Ω–µ—Ç,,"–°—Ä–æ—á–Ω–æ –ø—Ä–æ–¥–∞–º 4 –∫–æ–º–Ω –∫–≤ —Å —Ä–µ–º–æ–Ω—Ç–æ–º. –ö—Ä—ã—à–∞ –ø–æ—Å–ª–µ —Ä–µ–º–æ–Ω—Ç–∞ –Ω–µ –ø—Ä–æ—Ç–µ–∫–∞–µ—Ç. –° –ú–µ–±–µ–ª—é –ø–æ–¥—ä–µ–∑–¥ —á–∏—Å—Ç—ã–π. –°–æ–ª–Ω–µ—á–Ω–∞—è —Å—Ç–æ—Ä–æ–Ω–∞, –Ω–µ —É–≥–ª–æ–≤–∞—è. –ì–∞–∑, –∫–æ–Ω–¥–∏—Ü–∏–æ–Ω–µ—Ä. –º–µ–±–µ–ª—å –¥–æ—Ä–æ–≥–∞—è —Ö–æ—Ä–æ—à–∞—è"
660924917,3,https://krisha.kz/a/show/660924917,almaty-zhetysuskij,4,"4-–∫–æ–º–Ω–∞—Ç–Ω–∞—è –∫–≤–∞—Ä—Ç–∏—Ä–∞, 90 –º¬≤, 2/5 —ç—Ç–∞–∂",43000000,"–ñ–µ—Ç—ã—Å—É—Å–∫–∏–π —Ä-–Ω, –º–∫—Ä –ê–π–Ω–∞–±—É–ª–∞–∫-4 166","–ø–∞–Ω–µ–ª—å–Ω—ã–π –¥–æ–º, 1989 –≥.–ø., —Å–æ—Å—Ç–æ—è–Ω–∏–µ: —Å—Ä–µ–¥–Ω–µ–µ, –∂–∏–ª. –ø–ª–æ—â–∞–¥—å 70 –∫–≤.–º., –∫—É—Ö–Ω—è 12 –∫–≤.–º., –ø–æ—Ç–æ–ª–∫–∏ 2.8–º., —Å–∞–Ω—É–∑–µ–ª —Ä–∞–∑–¥–µ–ª—å–Ω—ã–π, —Ç–µ–ª–µ—Ñ–æ–Ω: –æ—Ç–¥–µ–ª—å–Ω—ã–π, –∏–Ω—Ç–µ—Ä–Ω–µ—Ç –ø—Ä–æ–≤–æ–¥–Ω–æ–π, –ø—É—Å—Ç–∞—è, –ü–ª–∞—Å—Ç–∏–∫–æ–≤—ã–µ –æ–∫–Ω–∞, —É–ª—É—á—à–µ–Ω–Ω–∞—è, –∫–æ–º–Ω–∞—Ç—ã –∏–∑–æ–ª–∏—Ä–æ–≤–∞–Ω—ã, –≤—Å—Ç—Ä–æ–µ–Ω–Ω–∞—è –∫—É—Ö–Ω—è, –Ω–æ–≤–∞—è —Å–∞–Ω—Ç–µ—Ö–Ω–∏–∫–∞, –∫–ª–∞–¥–æ–≤–∫–∞, —Ç–∏—Ö–∏–π –¥–≤–æ—Ä. –ü—Ä–æ–¥–∞—é —É–ª—É—á—à–µ–Ω–∏—é 4 -‚Ä¶",–•–æ–∑—è–∏–Ω –Ω–µ–¥–≤–∏–∂–∏–º–æ—Å—Ç–∏,–ê–ª–º–∞—Ç—ã,28 —Ñ–µ–≤—Ä.,0,0,0,0,0,0,07-03-2021 08:28:07,"–ø–∞–Ω–µ–ª—å–Ω—ã–π, 1989 –≥.–ø.",2 –∏–∑ 5,"90 –º¬≤, –∂–∏–ª–∞—è ‚Äî 70 –º¬≤, –∫—É—Ö–Ω—è ‚Äî 12 –º¬≤",—Å—Ä–µ–¥–Ω–µ–µ,—Ä–∞–∑–¥–µ–ª—å–Ω—ã–π,–±–∞–ª–∫–æ–Ω,–¥–∞,,–±—Ä–æ–Ω–∏—Ä–æ–≤–∞–Ω–Ω–∞—è,–ø—Ä–æ–≤–æ–¥–Ω–æ–π,–ø—É—Å—Ç–∞—è,–ª–∏–Ω–æ–ª–µ—É–º,2.8 –º,"–¥–æ–º–æ—Ñ–æ–Ω, –≤–∏–¥–µ–æ–Ω–∞–±–ª—é–¥–µ–Ω–∏–µ",,–æ—Ç–¥–µ–ª—å–Ω—ã–π,—Ä—è–¥–æ–º –æ—Ö—Ä–∞–Ω—è–µ–º–∞—è —Å—Ç–æ—è–Ω–∫–∞,–Ω–µ—Ç,"–ü–ª–∞—Å—Ç–∏–∫–æ–≤—ã–µ –æ–∫–Ω–∞, —É–ª—É—á—à–µ–Ω–Ω–∞—è, –∫–æ–º–Ω–∞—Ç—ã –∏–∑–æ–ª–∏—Ä–æ–≤–∞–Ω—ã, –≤—Å—Ç—Ä–æ–µ–Ω–Ω–∞—è –∫—É—Ö–Ω—è, –Ω–æ–≤–∞—è —Å–∞–Ω—Ç–µ—Ö–Ω–∏–∫–∞, –∫–ª–∞–¥–æ–≤–∫–∞, —Å—á—ë—Ç—á–∏–∫–∏, —Ç–∏—Ö–∏–π –¥–≤–æ—Ä.","–ü–ª–∞—Å—Ç–∏–∫–æ–≤—ã–µ –æ–∫–Ω–∞, —É–ª—É—á—à–µ–Ω–Ω–∞—è, –∫–æ–º–Ω–∞—Ç—ã –∏–∑–æ–ª–∏—Ä–æ–≤–∞–Ω—ã, –≤—Å—Ç—Ä–æ–µ–Ω–Ω–∞—è –∫—É—Ö–Ω—è, –Ω–æ–≤–∞—è —Å–∞–Ω—Ç–µ—Ö–Ω–∏–∫–∞, –∫–ª–∞–¥–æ–≤–∫–∞, —Ç–∏—Ö–∏–π –¥–≤–æ—Ä. –ü—Ä–æ–¥–∞—é —É–ª—É—á—à–µ–Ω–∏—é 4 - —Ö –∫–æ–º –∫–≤–∞—Ä—Ç–∏—Ä—É. –æ—Ç–¥–µ–ª—å–Ω–æ —Å—Ç–æ—è—â–∏–π –¥–æ–º, —Ç–∏—Ö–∏–π –¥–≤–æ—Ä ! –ü—Ä–æ–¥—É–≤–∞–µ–º–æ—Å—Ç—å –æ—á–µ–Ω—å —Ö–æ—Ä–æ—à–∞—è –±–µ–∑ —Å—ã—Ä–æ—Å—Ç–∏. –î–≤–µ—Ä–∏ –≤ –∫–≤–∞—Ä—Ç–∏—Ä–µ –º–µ–∂. –∫–æ–º–Ω–∞—Ç–Ω—ã–µ –º–∞—Å—Å–∏–≤–Ω—ã–µ (–†–æ—Å—Å–∏—è) –û–∫–Ω—ã –≤ –∫–≤–∞—Ä—Ç–∏—Ä–µ –ø—Ä–æ–∏–∑–≤–æ–¥—Å—Ç–≤–∞ –ì–µ—Ä–º–∞–Ω–∏—è ! Rehau . –õ–µ—Ç–æ–º –ø—Ä–æ—Ö–ª–∞–¥–Ω–æ –∑–∏–º–æ–π —Ç–µ–ø–ª–æ ) ) –í—Å—è –∏–Ω—Ñ—Ä–∞—Å—Ç—Ä—É–∫—Ç—É—Ä–∞ –≤ —à–∞–≥–æ–≤–æ–π –¥–æ—Å—Ç—É–ø–Ω–æ—Å—Ç–∏. –ö–∞—Ñ–µ, –†–µ—Å—Ç–æ—Ä–∞–Ω—ã, –¢–æ—Ä–≥–æ–≤—ã–µ –î–æ–º–∞, –°—É–ø–µ—Ä–º–∞—Ä–∫–µ—Ç—ã. –†—è–¥–æ–º –Ω–∞—Ö–æ–¥—è—Ç—Å—è –¥–≤–µ —à–∫–æ–ª—ã 2 - —É—Ö –º–∏–Ω—É—Ç–∞—Ö –æ—Ç –¥–æ–º–∞. –®–∫–æ–ª–∞ 110 –ì–∏–º–Ω–∞–∑–∏—è –∏ –®–∫–æ–ª–∞ 129 —Ç—Ä–∏ —Å–∞–¥–∏–∫–∞, –¥–≤–µ —Ä—É—Å—Å–∫–∏—Ö, –æ–¥–∏–Ω –∫–∞–∑–∞—Ö—Å–∫–∏–π —Å–∞–¥–∏–∫. –†—è–¥–æ–º –ü–æ–ª–µ–∫–ª–∏–Ω–∏–∫–∞ ""11 "" –û—Å—Ç–∞–Ω–æ–≤–∫–∏ –≤–æ –≤—Å–µ—Ö –Ω–∞–ø—Ä–∞–≤–ª–µ–Ω–∏—è—Ö –≥–æ—Ä–æ–¥–∞. –ï—Å—Ç—å –ø–æ–ª–µ—Å–∞–¥–Ω–∏–∫. –í –Ω–∏–∂–Ω–µ–º —ç—Ç–∞–∂–µ –µ—Å—Ç—å –∫–ª–∞–¥–æ–≤–∫–∞ ! –¢–æ—Ä–≥ —É–º–µ—Å—Ç–µ–Ω –≤ —Ä–∞–∑—É–º–Ω—ã—Ö –º–µ—Ä–∞—Ö ."
664778442,3,https://krisha.kz/a/show/664778442,almaty-zhetysuskij,4,"4-–∫–æ–º–Ω–∞—Ç–Ω–∞—è –∫–≤–∞—Ä—Ç–∏—Ä–∞, 94 –º¬≤, 3/8 —ç—Ç–∞–∂",33000000,"–ñ–µ—Ç—ã—Å—É—Å–∫–∏–π —Ä-–Ω, –º–∫—Ä –ê–π–Ω–∞–±—É–ª–∞–∫-2 32–∞","2008 –≥.–ø., –∂–∏–ª. –ø–ª–æ—â–∞–¥—å 75 –∫–≤.–º., –∫—É—Ö–Ω—è 12 –∫–≤.–º., –ø–æ—Ç–æ–ª–∫–∏ 2.75–º",–•–æ–∑—è–∏–Ω –Ω–µ–¥–≤–∏–∂–∏–º–æ—Å—Ç–∏,–ê–ª–º–∞—Ç—ã,28 —Ñ–µ–≤—Ä.,0,0,0,0,0,0,07-03-2021 08:28:08,2008 –≥.–ø.,3 –∏–∑ 8,"94 –º¬≤, –∂–∏–ª–∞—è ‚Äî 75 –º¬≤, –∫—É—Ö–Ω—è ‚Äî 12 –º¬≤",,,,,,,,,,2.75 –º,,,,,,,
